28418_2014B,0.315
29764_2014B,0.893333333
29820_2014B,0.802222222
40604_2014B,0.682857143
42638_2014B,0.686666667
45664_2014B,0.316666667
46605_2014B,0.935555556
49119_2014B,0.88
50263_2014B,0.43
51576_2014B,0.71
54391_2014B,0.445
57340_2014B,0.702
59541_2014B,0.4
62278_2014B,0.621666667
64296_2014B,0.76
66254_2014B,0.721666667
69494_2014B,0
69703_2014B,0.745555556
70381_2014B,0.753333333
70771_2014B,0.5
74290_2014B,0.1
75454_2014B,0.716666667
75728_2014B,0.685
79461_2014B,0.337142857
80329_2014B,0.6
82575_2014B,0.936666667
83219_2014B,0.675555556
83453_2014B,0.3
84299_2014B,0.51
86047_2014B,0.24
94484_2014B,0.856
95906_2014B,0.932222222
96538_2014B,0.36
105523_2014B,0.523333333
107028_2014B,0.62
107339_2014B,0.71
108834_2014B,0.84
116518_2014B,0.711111111
117232_2014B,0.683333333
118098_2014B,0.352222222
119729_2014B,0.1
122392_2014B,0.54
123598_2014B,0.683333333
124193_2014B,0.957777778
126337_2014B,0.46
126394_2014B,0.857777778
126395_2014B,0.49
128510_2014B,0.8
129198_2014B,0.44
129638_2014B,0.33
129878_2014B,0.196666667
131145_2014B,0.84
131933_2014B,0.8375
133104_2014B,0.878888889
134025_2014B,0.935
135330_2014B,0.52
135792_2014B,0.71
142935_2014B,0.718
145282_2014B,0.955555556
147675_2014B,0.65
151549_2014B,0.72
152428_2014B,0.605555556
152962_2014B,0.758
155067_2014B,0.485
155963_2014B,0.912222222
160300_2014B,0.643333333
162650_2014B,0.36
165647_2014B,0.446
165733_2014B,0.295
166160_2014B,1
167791_2014B,0.676666667
168178_2014B,0.458888889
169380_2014B,0.775
170025_2014B,0.25
170864_2014B,0.972
171896_2014B,0.6
172965_2014B,0.953333333
175490_2014B,0.927777778
177967_2014B,0.718
178072_2014B,0.6
178496_2014B,0.858888889
180976_2014B,0.763333333
187435_2014B,0.953333333
189428_2014B,0.846
189624_2014B,0.481111111
191797_2014B,0.795555556
193163_2014B,0.616
198902_2014B,0.296666667
200372_2014B,0.82
201327_2014B,0.285
204725_2014B,0.576666667
205398_2014B,0.74
205425_2014B,0.891111111
206245_2014B,0.893333333
206599_2014B,0.582222222
227192_2014B,0.687777778
227752_2014B,0.59
228153_2014B,0.3
230761_2014B,0.65
231339_2014B,0.92
232833_2014B,0.48
233444_2014B,0.49
234311_2014B,0.456666667
234740_2014B,0.7875
236205_2014B,0.786
236620_2014B,0.777777778
237934_2014B,0.71
239707_2014B,0.49
241955_2014B,0.3
242778_2014B,0
242858_2014B,0.722222222
244902_2014B,0
244977_2014B,0.851111111
245217_2014B,0.398
245494_2014B,0.4425
247819_2014B,0.673333333
251385_2014B,0.892
253859_2014B,0.96
255310_2014B,0.723333333
260949_2014B,0.694
261265_2014B,0.496666667
261615_2014B,0.715555556
262391_2014B,0.59
264159_2014B,0.834444444
266040_2014B,0.73
266558_2014B,0.523333333
266915_2014B,0.2
267118_2014B,0.88
268018_2014B,0.6025
269676_2014B,0.49
278861_2014B,0.9675
279868_2014B,0.596
279883_2014B,0.42
281261_2014B,0.72
281801_2014B,0.933333333
282193_2014B,0.553333333
283798_2014B,0.927142857
284812_2014B,0.978888889
285170_2014B,0.75
285475_2014B,0.813333333
289009_2014B,0.595555556
290382_2014B,0.5
291805_2014B,0.406666667
295893_2014B,0.253333333
296411_2014B,0.852222222
298040_2014B,0.947777778
300059_2014B,0.4775
300594_2014B,0.32
300611_2014B,0.45
301232_2014B,0.634444444
305876_2014B,0.7425
308918_2014B,0.565
309118_2014B,0.676666667
310088_2014B,0.625
311616_2014B,0.871111111
315322_2014B,0.07
315728_2014B,0.804444444
316227_2014B,0.988
319042_2014B,0.38
320153_2014B,0.84
324257_2014B,0.441428571
325497_2014B,0.55
328261_2014B,0.46
329673_2014B,0.74
330862_2014B,0.5125
335553_2014B,0.816666667
335648_2014B,0.5
336398_2014B,0.873333333
336695_2014B,0.7
338604_2014B,0.594444444
338731_2014B,0.3625
342957_2014B,0.45
342974_2014B,0.68
344367_2014B,0.145
344396_2014B,0.5
345256_2014B,0.78
347764_2014B,0.4
348050_2014B,0.616
348159_2014B,0.791111111
349069_2014B,0.4
351328_2014B,0.774
351577_2014B,0.912857143
351775_2014B,0.607777778
353804_2014B,0.426666667
354607_2014B,0.717142857
355143_2014B,0.176666667
356274_2014B,0.3
356523_2014B,0.675
357176_2014B,0.8
357851_2014B,0.4
357942_2014B,0.645
358075_2014B,0.785
359114_2014B,0.783333333
361410_2014B,0.6475
362223_2014B,0.753333333
363374_2014B,0.4
363773_2014B,0.797777778
363906_2014B,0.625555556
363939_2014B,0.52
365993_2014B,0.63
366310_2014B,0.495
366424_2014B,0.1
368876_2014B,0.59
370336_2014B,0.8
371526_2014B,0.5875
371901_2014B,0.65875
374028_2014B,0.946666667
374756_2014B,0.938333333
376701_2014B,0.1
378920_2014B,0.777777778
379406_2014B,0.926666667
381240_2014B,0.645
381927_2014B,0.951111111
383140_2014B,0.66
383158_2014B,0.525555556
383311_2014B,0
383347_2014B,0.906666667
383372_2014B,0.5
383971_2014B,0.358571429
385120_2014B,0.293333333
385387_2014B,0.987777778
386121_2014B,0.9
386189_2014B,0.33
387009_2014B,0.5
388538_2014B,0.866
388708_2014B,0.868
388750_2014B,0.38
391343_2014B,0.56
391419_2014B,0.38
392526_2014B,0.674
394311_2014B,0.79875
394341_2014B,0.8
396825_2014B,0.90875
397506_2014B,0.836666667
398487_2014B,0.484444444
401296_2014B,0.716666667
401903_2014B,0.778888889
403085_2014B,0.872222222
406265_2014B,1
406846_2014B,0.39
406908_2014B,0.58
406937_2014B,0.4
407453_2014B,0.505
407818_2014B,0.3
408413_2014B,0.626666667
409540_2014B,0.5
410203_2014B,0.7825
410407_2014B,0.942
410699_2014B,0.774444444
410886_2014B,0.82
412258_2014B,0.973333333
412268_2014B,0.3
412284_2014B,0.855
413083_2014B,0.263333333
416500_2014B,0.26
416689_2014B,0.666
416860_2014B,0.23
417820_2014B,0.668571429
418224_2014B,0.702
418623_2014B,0.705
418971_2014B,0.716666667
419233_2014B,0.71
419536_2014B,0.6
420345_2014B,0.668571429
420528_2014B,0.921111111
420935_2014B,1
421209_2014B,0.79625
421712_2014B,0.796666667
423879_2014B,0.916
424082_2014B,0.728888889
424112_2014B,0.672
424950_2014B,0.831111111
425287_2014B,0.5325
426610_2014B,0.723333333
426616_2014B,0.61
429065_2014B,0.616666667
429185_2014B,0.965555556
430686_2014B,0.536666667
431014_2014B,0.33
431386_2014B,0.74125
432278_2014B,0.645
432718_2014B,0.1
434562_2014B,0.767777778
435271_2014B,0.5
436058_2014B,0.608571429
438313_2014B,0.2
438796_2014B,0.695
440323_2014B,0.488333333
440905_2014B,0.471666667
441540_2014B,0.61
441606_2014B,0.4
445777_2014B,0.928571429
445917_2014B,0.946666667
445972_2014B,0.962222222
446628_2014B,0.3
447306_2014B,0.2
464236_2014B,0.3
464724_2014B,0.2
465406_2014B,0.788888889
465719_2014B,0.11
465843_2014B,0.556666667
466289_2014B,0.876666667
466714_2014B,0.35
467230_2014B,0.868888889
467753_2014B,0.51
467894_2014B,0.1
468753_2014B,0.467777778
469113_2014B,0.7
469761_2014B,0.902222222
470002_2014B,0.52
471018_2014B,0.15
471580_2014B,0.56
471657_2014B,0.792
471979_2014B,0.734444444
472087_2014B,0.552222222
472309_2014B,0.601666667
473965_2014B,0.586
474283_2014B,0.346666667
474759_2014B,0.46
475149_2014B,0.863333333
475556_2014B,0.5
475945_2014B,0.805555556
476108_2014B,0.847777778
476937_2014B,0.552
477067_2014B,0.868571429
478025_2014B,0.3
478212_2014B,0.356666667
478550_2014B,0.7625
478977_2014B,0.67
479607_2014B,0.7
479753_2014B,0.2
480604_2014B,0.764
480928_2014B,0
480929_2014B,0.928888889
480943_2014B,0.756666667
481024_2014B,0.7
482280_2014B,0.76
482745_2014B,0.438
483108_2014B,0.7
483267_2014B,0.62
483275_2014B,0.897777778
484174_2014B,0.413333333
484464_2014B,0.73
485312_2014B,0.925555556
485374_2014B,0.74375
485594_2014B,0
485604_2014B,0.862222222
485944_2014B,0.665
486378_2014B,0.4
486737_2014B,0.4
487629_2014B,0.411111111
488431_2014B,0.466666667
489929_2014B,0.762
490024_2014B,0.746666667
490081_2014B,0.843333333
490282_2014B,0.61
490297_2014B,0.2
490587_2014B,0.2
490662_2014B,0.49
490768_2014B,0.44
490769_2014B,0.524
491170_2014B,0.12
491742_2014B,0.04
491843_2014B,0.626666667
492357_2014B,0.623333333
492900_2014B,0.572222222
493822_2014B,0.415
494919_2014B,0.474
495320_2014B,0.774
496108_2014B,0.14
497080_2014B,0.335
498043_2014B,0.87
498138_2014B,0.506666667
498741_2014B,0.411111111
500006_2014B,0.428333333
500189_2014B,0.3
500597_2014B,0.508888889
501339_2014B,0.88
501443_2014B,0.205
501652_2014B,0.435
502465_2014B,0.63375
502554_2014B,0.966666667
502868_2014B,0.682222222
502929_2014B,0.268333333
503469_2014B,0.441111111
503872_2014B,0.16
505235_2014B,0.8
505520_2014B,0.526666667
505767_2014B,0.748888889
505815_2014B,0.8
506206_2014B,0.885555556
507034_2014B,0.836666667
507388_2014B,0.625
507523_2014B,0.67
507671_2014B,0.783333333
508025_2014B,0.46
509029_2014B,0.65
509102_2014B,0.694444444
509183_2014B,0.948
509649_2014B,0.501666667
509839_2014B,0.868888889
510070_2014B,0.64
510694_2014B,0.42
510914_2014B,0.783333333
511473_2014B,0.65
511657_2014B,0.49
512353_2014B,0.38
512475_2014B,0.934
512582_2014B,0.8775
513638_2014B,0.881111111
513934_2014B,0.735
514000_2014B,0.8
514186_2014B,0.1
515046_2014B,0.898888889
515107_2014B,0.73
515278_2014B,0.6
515515_2014B,0.64
515774_2014B,0.705
515936_2014B,0.27
516024_2014B,0.653333333
516238_2014B,0.924444444
516496_2014B,0.68
516685_2014B,0.2
516726_2014B,0.8875
517999_2014B,0.977777778
518363_2014B,0.682
518862_2014B,0.774444444
519544_2014B,0.59375
519589_2014B,0.2
520377_2014B,0.7
520588_2014B,0.606666667
521051_2014B,0.64
521297_2014B,0.476
521614_2014B,0.988888889
522312_2014B,0.721111111
522484_2014B,0.246
522682_2014B,0.2
523061_2014B,0.49
523079_2014B,0.728888889
523239_2014B,0.41
523335_2014B,0.236666667
523710_2014B,0.3
524128_2014B,0.898888889
524295_2014B,0.768
524378_2014B,0.815
524386_2014B,0.71
525332_2014B,0.542
525832_2014B,0.78
526073_2014B,0.3925
526235_2014B,0.376666667
526547_2014B,0.3
526564_2014B,0.573333333
526876_2014B,0.551111111
526927_2014B,0.815714286
527771_2014B,0.77
527826_2014B,0.984444444
527964_2014B,0.781111111
528021_2014B,0.4
528023_2014B,0.36
528066_2014B,0.794
528083_2014B,0.3
528892_2014B,0.542222222
529025_2014B,0.713333333
529073_2014B,0.46
529078_2014B,0.508888889
529153_2014B,0.1
529434_2014B,0.461111111
530113_2014B,0.6
530481_2014B,0.68
530650_2014B,0.745555556
530936_2014B,0.16
531047_2014B,0.18
532020_2014B,0.648888889
532350_2014B,0.696
532531_2014B,0.34
532565_2014B,0.38
532718_2014B,0.825
532859_2014B,0.1
533004_2014B,0.32
535047_2014B,0.724444444
535682_2014B,0
536032_2014B,0.285
536170_2014B,0.985555556
536261_2014B,0.77
536435_2014B,0.836666667
536536_2014B,0.565
537322_2014B,0.815555556
537603_2014B,0.398888889
537606_2014B,0.68
537622_2014B,0.7
537654_2014B,0.481666667
538887_2014B,0.61
539328_2014B,0.613333333
539514_2014B,0.905
539784_2014B,0.924444444
539971_2014B,0.436
540686_2014B,0.861111111
541003_2014B,0.58
541184_2014B,0.3
542050_2014B,0.59
543170_2014B,0.696
543417_2014B,0.15
543475_2014B,0.413333333
543678_2014B,0.648571429
543924_2014B,0.56
543948_2014B,0.671428571
544090_2014B,0.686666667
544467_2014B,0
544490_2014B,0.673333333
544594_2014B,0.904444444
544791_2014B,0.32
544839_2014B,0.942222222
545045_2014B,0.1
545740_2014B,0.717777778
545747_2014B,0.724444444
546675_2014B,0.313333333
547287_2014B,0.983333333
547332_2014B,0.986666667
547413_2014B,0.454
547571_2014B,0.586666667
547986_2014B,0.24
548261_2014B,0.45
548383_2014B,0.66
548386_2014B,0.976
548509_2014B,0.993333333
548602_2014B,0.602222222
548677_2014B,0.741111111
548764_2014B,0.603333333
548854_2014B,0.755
549636_2014B,0.75
549951_2014B,0.87125
550092_2014B,0.3625
550545_2014B,0.79
550812_2014B,0.4025
551115_2014B,0.745555556
551267_2014B,0.428888889
551304_2014B,0.576666667
551478_2014B,0.744285714
551528_2014B,0.2
551604_2014B,0.49625
551856_2014B,0.24
551902_2014B,0.341666667
552166_2014B,0.4
552234_2014B,0.7
552441_2014B,0.911111111
552498_2014B,0.813333333
552590_2014B,0.093333333
552913_2014B,0.665714286
553021_2014B,0.964444444
553280_2014B,0.948
553394_2014B,0.764
553410_2014B,0.8
553655_2014B,0.787777778
553741_2014B,0.598333333
554141_2014B,0.652
554205_2014B,0.762222222
554470_2014B,0.2
554583_2014B,0.617777778
554870_2014B,0.63
554951_2014B,0.712222222
555008_2014B,0.672222222
555368_2014B,0.38
555604_2014B,0.525555556
555706_2014B,0.918
555953_2014B,0.4
556042_2014B,0.563333333
556109_2014B,0.56
556246_2014B,0.913333333
556295_2014B,0.936666667
556521_2014B,0.4
556584_2014B,0.825555556
556587_2014B,0.265
556858_2014B,0.617777778
556918_2014B,0.7
557700_2014B,0.2
557995_2014B,0.478
558122_2014B,0.3
558471_2014B,0.61
558518_2014B,0.85
558616_2014B,0.567777778
558914_2014B,0.332222222
559157_2014B,0.355
559469_2014B,0.38
559706_2014B,0.591111111
559770_2014B,0.623333333
560114_2014B,0.668888889
560311_2014B,0.932222222
560494_2014B,0.825714286
560784_2014B,0.6
560951_2014B,0.5
561363_2014B,0.752222222
561559_2014B,0.711111111
561774_2014B,0.695555556
562450_2014B,0.702
562585_2014B,0.48
562825_2014B,0.568571429
563046_2014B,0.57625
563631_2014B,0.3
563819_2014B,0.59
563967_2014B,0.13
564700_2014B,0.3
565399_2014B,0.968571429
565838_2014B,0.6
565883_2014B,0.54
566185_2014B,0.467777778
566310_2014B,0.772222222
566428_2014B,0.902222222
566670_2014B,0.722
566715_2014B,0.863333333
566871_2014B,0.71
566872_2014B,0.47
568047_2014B,0.375
568084_2014B,0.874444444
569080_2014B,0.968888889
569108_2014B,0.975555556
569342_2014B,0.606
569609_2014B,0.595
569712_2014B,0.753333333
570113_2014B,0.4
570410_2014B,0.506666667
570514_2014B,0.15
570872_2014B,0.566666667
570967_2014B,0.604
571025_2014B,0.631666667
571129_2014B,0.986666667
571233_2014B,0.67
571389_2014B,0.4
571571_2014B,0.966666667
571776_2014B,0.862857143
571992_2014B,0.3
572036_2014B,0.655555556
572303_2014B,0.623333333
572382_2014B,0.304285714
572401_2014B,0.255
572438_2014B,0.884
572570_2014B,0.658888889
572854_2014B,0.906666667
572891_2014B,0.6
573153_2014B,0.18
573166_2014B,0.6575
573197_2014B,0.39
573377_2014B,0.51625
573440_2014B,0.65375
573558_2014B,0.541111111
573662_2014B,0.393333333
573696_2014B,0.6
574221_2014B,0.954444444
574283_2014B,0.62
574523_2014B,0.1
574529_2014B,0.3
574551_2014B,0.8325
574817_2014B,0.878571429
574830_2014B,0.5
575166_2014B,0.693333333
575287_2014B,0.6
575419_2014B,0
575545_2014B,0.9
575733_2014B,0.652222222
575745_2014B,0.728888889
575824_2014B,0.803333333
575967_2014B,0.857142857
576191_2014B,0.65
576383_2014B,0.955555556
576413_2014B,0.913333333
576475_2014B,0.76
576516_2014B,0.461111111
576780_2014B,0.935714286
576782_2014B,0.5875
577035_2014B,0.964444444
577236_2014B,0.862
577245_2014B,0.571111111
577273_2014B,0.5
577414_2014B,0.77125
577502_2014B,0.841666667
577686_2014B,0.655
578034_2014B,0.51
578189_2014B,0.831111111
578450_2014B,0.413333333
578541_2014B,0.36
578655_2014B,0.693333333
578823_2014B,0.215
578850_2014B,0.793333333
578958_2014B,0.451428571
579340_2014B,0.6
579343_2014B,0.757777778
579372_2014B,0.68
579550_2014B,0.62125
580511_2014B,0.6825
580525_2014B,0.82
580689_2014B,0
580722_2014B,0.3
580768_2014B,0.21
580779_2014B,0.68
581123_2014B,0.48
581611_2014B,0.946
581614_2014B,0.54375
581744_2014B,0.115
582087_2014B,0.638
582108_2014B,0.676666667
582827_2014B,0
582879_2014B,0.77
582950_2014B,0.871111111
583032_2014B,0.767777778
583052_2014B,0.848
583192_2014B,0.757777778
583906_2014B,0.964444444
584077_2014B,0.566666667
584191_2014B,0.68125
584446_2014B,0.51125
584771_2014B,0.45
584940_2014B,0.678571429
585011_2014B,0.8
585057_2014B,0.76
585093_2014B,0.967777778
585383_2014B,0.781111111
585393_2014B,0.962222222
585397_2014B,0.834444444
585455_2014B,0.835555556
585464_2014B,0.4
585681_2014B,0.5
585695_2014B,0.981111111
585709_2014B,0.813333333
585769_2014B,0.8
585900_2014B,0.676666667
586473_2014B,0.08
586716_2014B,0.47
586921_2014B,0.4
587122_2014B,0.3
587621_2014B,0.123333333
587783_2014B,0.911111111
587906_2014B,0.8
587911_2014B,0.857777778
588125_2014B,0.3
588219_2014B,0.426666667
588274_2014B,0.987777778
588402_2014B,0.612222222
588430_2014B,0.59125
588460_2014B,0.61
588464_2014B,0.3775
588473_2014B,0.91
588524_2014B,0.621111111
588590_2014B,0.5
588676_2014B,0.625555556
588707_2014B,0.882222222
588710_2014B,0.2
588846_2014B,0.345
588956_2014B,0.735
589327_2014B,0.314
589390_2014B,0.848
589525_2014B,0.985555556
589722_2014B,0.1
589894_2014B,0.6
590626_2014B,0.1
590762_2014B,0.87
590877_2014B,0.33
590914_2014B,0.455
590961_2014B,0.556666667
590974_2014B,0.61
591375_2014B,0.966666667
591388_2014B,0.928888889
591566_2014B,0.17
591619_2014B,0.54
591655_2014B,0
591738_2014B,0.8
591958_2014B,0.856
592007_2014B,0.386666667
592051_2014B,0.4
592093_2014B,0.63
592151_2014B,0.734444444
592158_2014B,0
592259_2014B,0.506666667
592407_2014B,0.1
592609_2014B,0.544
592775_2014B,0.768888889
592776_2014B,0.774444444
592939_2014B,0.5725
592961_2014B,0.9475
592976_2014B,0.992
593103_2014B,0.7325
593123_2014B,0.585
593305_2014B,0.656
593787_2014B,0.04
593823_2014B,0.888888889
593972_2014B,0.735555556
593995_2014B,0.917777778
594044_2014B,0.772222222
594157_2014B,0.655
594193_2014B,0.9
594199_2014B,0.3
594246_2014B,0.93
594371_2014B,0.814444444
595164_2014B,0.637777778
595182_2014B,0.824
595189_2014B,0.907777778
595356_2014B,0.3
595492_2014B,0.383333333
595514_2014B,0.532
595659_2014B,0.656666667
595685_2014B,0.35
595781_2014B,0.58
595797_2014B,0.826666667
595847_2014B,0.827777778
595986_2014B,0.555555556
595992_2014B,0.2
596035_2014B,0.682857143
596157_2014B,0.657777778
596731_2014B,0.523333333
596903_2014B,0.448
596947_2014B,0.568571429
597403_2014B,0.634285714
597926_2014B,0.981111111
598074_2014B,0.7
598113_2014B,0.543333333
598321_2014B,0.797777778
598662_2014B,0.696666667
598860_2014B,0.915555556
599263_2014B,0.45
599275_2014B,0.6925
599542_2014B,0.5
599857_2014B,0.683333333
599937_2014B,0
599958_2014B,0.75
600073_2014B,0.865555556
600094_2014B,0.5475
600142_2014B,0.31
600181_2014B,0.2
600335_2014B,0.651111111
600547_2014B,0.696666667
600632_2014B,0.964
600938_2014B,0.1
600945_2014B,0.731111111
600975_2014B,0.1
600987_2014B,0.623333333
601021_2014B,0.64
601175_2014B,0.17
601224_2014B,0.697777778
601550_2014B,0.754
601757_2014B,0.5
601872_2014B,0.796666667
601949_2014B,0.468888889
602030_2014B,0.406666667
602042_2014B,0.993333333
602107_2014B,0.656666667
602133_2014B,0.79
602269_2014B,0.698
602398_2014B,0.6
602703_2014B,0.396666667
602718_2014B,0.468888889
602902_2014B,0.752222222
602913_2014B,0.668888889
603222_2014B,0.41
603477_2014B,0.591111111
603639_2014B,0.8125
603832_2014B,0.2725
603859_2014B,0.822
604164_2014B,0.64
604517_2014B,0.66
604571_2014B,0.695
604655_2014B,0.47
604723_2014B,0.855714286
604997_2014B,0.764285714
605144_2014B,0.726666667
605180_2014B,0.45
605266_2014B,0.86
605571_2014B,0.894444444
605688_2014B,0.865555556
605703_2014B,0.852222222
606206_2014B,0.874
606282_2014B,0.685
606350_2014B,0.4
606444_2014B,0.907777778
606665_2014B,0.478888889
606724_2014B,0.698888889
607052_2014B,0.822222222
607061_2014B,0.901111111
607411_2014B,0.72
607636_2014B,0.5125
607835_2014B,0.877777778
607927_2014B,0.361666667
607966_2014B,0.66
608130_2014B,0.186666667
608152_2014B,0.475555556
608243_2014B,0.754444444
608464_2014B,0.801666667
608472_2014B,0.333333333
608504_2014B,0.48
608577_2014B,0.8
608735_2014B,0.64
608753_2014B,0.59125
608904_2014B,0.971111111
609025_2014B,0.9
609045_2014B,0.831428571
609192_2014B,0.665
609229_2014B,0.98
609383_2014B,0.6
609450_2014B,0.1
609489_2014B,0.28
609515_2014B,0.805555556
609602_2014B,0.976
609645_2014B,0.396666667
610099_2014B,0.657142857
610287_2014B,0.766666667
610391_2014B,0.913333333
610575_2014B,0.65875
610577_2014B,0.4
611062_2014B,0.2
611176_2014B,0.866
611260_2014B,0.69375
611402_2014B,0.4525
612023_2014B,0.466666667
612119_2014B,0.814444444
612287_2014B,0.2
612381_2014B,0.84
612397_2014B,0.3
612644_2014B,0.745
612673_2014B,0.635
612814_2014B,0.976666667
612882_2014B,0.84
613133_2014B,0.934444444
613310_2014B,0.954
613441_2014B,0.2
613461_2014B,0.657777778
613501_2014B,0.738571429
614059_2014B,0.6375
614263_2014B,0.7
614345_2014B,0
614477_2014B,0.591111111
614733_2014B,0.14
614804_2014B,0.66
614844_2014B,0.934
614952_2014B,0
615031_2014B,0.832
615229_2014B,0.71125
615246_2014B,0.3
615249_2014B,0.65375
615321_2014B,0.2
615437_2014B,0.818
616334_2014B,0.28
616407_2014B,0.933333333
616831_2014B,0.62
617331_2014B,0.6
617348_2014B,0.85
617355_2014B,0.84
617365_2014B,0.93375
617416_2014B,0.567777778
617781_2014B,0.563333333
617942_2014B,0.55
618002_2014B,0.5
618096_2014B,0.924
618129_2014B,0.706666667
618279_2014B,0.17
618571_2014B,0.658888889
618606_2014B,0.6
618665_2014B,0.343333333
618679_2014B,0.73
618824_2014B,0.897777778
618861_2014B,0.8
619006_2014B,0.03
619014_2014B,0.74125
619303_2014B,0.832222222
619447_2014B,0.996
619870_2014B,0.966
620148_2014B,0.55
620215_2014B,0
620266_2014B,0.18
620368_2014B,0.951111111
620369_2014B,0.68375
620485_2014B,0.62
620646_2014B,0.736666667
620876_2014B,0.68
620897_2014B,0.9275
620918_2014B,0.2
620974_2014B,0.582
620977_2014B,0.5
621655_2014B,0.4
621656_2014B,0.754444444
621807_2014B,0.2
622215_2014B,0.4175
622302_2014B,0.901111111
622368_2014B,0.61375
622386_2014B,0.7625
622652_2014B,0.98
622753_2014B,0.5
622773_2014B,0.841111111
622787_2014B,0.85125
622804_2014B,0.4
622948_2014B,0.79
623052_2014B,0.938888889
623250_2014B,0.655555556
623290_2014B,0.586666667
623347_2014B,0.937777778
623421_2014B,0.708333333
623562_2014B,0.737777778
623605_2014B,0.576666667
623609_2014B,0
623667_2014B,0.733333333
623707_2014B,0.83
623732_2014B,0.922222222
623780_2014B,0.796666667
623797_2014B,0.596666667
624039_2014B,0.2
624060_2014B,0.998
624126_2014B,0.6
624127_2014B,0.54375
624134_2014B,0.705
624164_2014B,0.861111111
624441_2014B,0.86625
624445_2014B,0.904
624483_2014B,0.893333333
624591_2014B,0.548333333
624782_2014B,0.441111111
624810_2014B,0.80375
624875_2014B,0.96
624970_2014B,0.792
625014_2014B,0.954
625028_2014B,0.916666667
625077_2014B,0.731111111
625078_2014B,0.9
625108_2014B,0.944
625128_2014B,0.1
625207_2014B,0.1
625330_2014B,0.883333333
625423_2014B,0.66
625453_2014B,0.8225
625476_2014B,0.68
625517_2014B,0.3
625527_2014B,0.714
625552_2014B,0.642222222
625574_2014B,0.958
625614_2014B,0.15
625684_2014B,0.97
625714_2014B,0.557777778
625740_2014B,0.5875
625745_2014B,0.738888889
625782_2014B,0.675555556
625790_2014B,0.03
625822_2014B,0.98
625838_2014B,0.928888889
625953_2014B,0.663333333
625975_2014B,0.37
626183_2014B,0.58375
626252_2014B,0.984285714
626417_2014B,0.78
626501_2014B,0.874
626516_2014B,0
626614_2014B,0.83
626714_2014B,0.6425
626763_2014B,0.846
626857_2014B,0.637777778
626862_2014B,0.926
626877_2014B,0.631666667
626906_2014B,0.6
626998_2014B,0.835555556
627066_2014B,0.425
627136_2014B,0.933333333
627168_2014B,0.7
627253_2014B,0.89
627343_2014B,0.863333333
627348_2014B,0.782
627374_2014B,0.55
627386_2014B,0.476666667
627387_2014B,0.498888889
627399_2014B,0.82
627435_2014B,0.3
627500_2014B,0.2
627520_2014B,0.04
627635_2014B,0.2
627691_2014B,0.778888889
627711_2014B,0.915
627747_2014B,0.854
627750_2014B,0.611428571
627784_2014B,0.685
627907_2014B,0.3
627933_2014B,0.615
627947_2014B,0.8
628029_2014B,0.90125
628086_2014B,0.898888889
628090_2014B,0.485
628122_2014B,0.8
628157_2014B,0.944444444
628214_2014B,0.3
628293_2014B,0.734444444
628366_2014B,0.4
628383_2014B,0.847777778
628506_2014B,0.7
628527_2014B,0.72
628565_2014B,0.685
628575_2014B,0.695714286
628663_2014B,0.718888889
628771_2014B,0.836666667
629081_2014B,0.8
629164_2014B,0.947777778
629270_2014B,0.48
629342_2014B,0.601666667
629500_2014B,0
629560_2014B,0.7
629628_2014B,0
629654_2014B,0.56
629694_2014B,0.5
629696_2014B,0.952
629710_2014B,0.937777778
629766_2014B,0.91
629773_2014B,0.8
629798_2014B,0.63
629862_2014B,0.813333333
629890_2014B,0.853333333
629936_2014B,0.774
630005_2014B,0.54
630012_2014B,0.924
630047_2014B,0.614
630086_2014B,0.742222222
630152_2014B,0.52
630157_2014B,0.724444444
630178_2014B,0.557142857
630200_2014B,0.345
630211_2014B,0.715555556
630449_2014B,0.625
630471_2014B,0.6
630540_2014B,0.258333333
630573_2014B,0.55
630585_2014B,0.402
630606_2014B,0.541666667
630613_2014B,0.84375
630635_2014B,0.60125
630657_2014B,0.3
630730_2014B,0.65
630825_2014B,0
630888_2014B,0.63
630896_2014B,0.988888889
630912_2014B,0.462857143
631044_2014B,0.895555556
631075_2014B,0.656666667
631122_2014B,0.834444444
631216_2014B,0.37
631300_2014B,0
631334_2014B,0.916666667
631453_2014B,0.484444444
631455_2014B,0.951111111
631473_2014B,0.952222222
631583_2014B,0.634444444
631655_2014B,0.692222222
631699_2014B,0.917777778
631715_2014B,0.931666667
631772_2014B,0.94
631850_2014B,0.973333333
631925_2014B,0.63
631929_2014B,0.7
631981_2014B,0.716666667
632017_2014B,0.92375
632037_2014B,0.2
632074_2014B,0.895555556
632107_2014B,0.82
632111_2014B,0.608888889
632133_2014B,0.796666667
632134_2014B,0.6
632135_2014B,0.673333333
632190_2014B,0.535
632242_2014B,0.585
632312_2014B,0.57
632313_2014B,0.964285714
632459_2014B,0.58125
632506_2014B,0.773333333
632546_2014B,0.66
632554_2014B,0.848
632571_2014B,0.796666667
632597_2014B,0.682222222
632641_2014B,0
632691_2014B,0.57
632836_2014B,0.951111111
632856_2014B,0.276666667
632900_2014B,0.836
633071_2014B,0.75
633112_2014B,0.936
633178_2014B,0.754
633243_2014B,0.2
633250_2014B,0.705555556
633256_2014B,0.296
633270_2014B,0.744444444
633281_2014B,0.897142857
633310_2014B,0.477142857
633341_2014B,0.26
633384_2014B,0.486666667
633395_2014B,0.4
633432_2014B,0.23
633447_2014B,0.855
633455_2014B,0.2
633460_2014B,0.13
633493_2014B,0.977777778
633637_2014B,0.6
633679_2014B,0.67
633695_2014B,0.98
633716_2014B,0.6
633722_2014B,0.971111111
633857_2014B,0.951111111
633913_2014B,0.9
633942_2014B,0.906
633998_2014B,0.828
634040_2014B,0.533333333
634128_2014B,0.855714286
634157_2014B,0.841111111
634167_2014B,0.916
634176_2014B,0.3
634216_2014B,0.912222222
634217_2014B,0.981111111
634241_2014B,0.708888889
634279_2014B,0.4
634349_2014B,0.75
634414_2014B,0.653333333
634433_2014B,0.545
634500_2014B,0.8275
634507_2014B,0.832222222
634512_2014B,0.933333333
634523_2014B,0.4
634570_2014B,0.804
634578_2014B,0.9075
634589_2014B,0.778888889
634618_2014B,0.913333333
634649_2014B,0.72
634671_2014B,0.632
634737_2014B,0.2
634744_2014B,0.586666667
634816_2014B,0.87
634853_2014B,0.58875
634862_2014B,0.7925
634878_2014B,0.75
635034_2014B,0.425714286
635041_2014B,0.7
635043_2014B,0.903333333
635109_2014B,0.63
635416_2014B,0.744
635515_2014B,0.903333333
856294_2014B,0.2
917586_2014B,0.944444444
925553_2014B,0.808
949548_2014B,0.668888889
984619_2014B,0.767777778
992544_2014B,0.948
1038161_2014B,0.65375
1057883_2014B,0.638
1073766_2014B,0.83125
1087710_2014B,0.795
1095916_2014B,0.75375
1100639_2014B,0.696666667
1106724_2014B,0.4
1115623_2014B,0.732
1187586_2014B,0.947777778
1268772_2014B,0.67
1270832_2014B,0.852
1307784_2014B,0.5
1311171_2014B,0.89
1416784_2014B,0.888888889
1440467_2014B,0.956666667
1442991_2014B,0.70375
1468838_2014B,0.47
1470291_2014B,0.7
1474869_2014B,0.894444444
1493739_2014B,0.712
1534494_2014B,0.771666667
1551895_2014B,0.5
1560205_2014B,0.4
1561431_2014B,0.253333333
1568828_2014B,0.938
1591013_2014B,0.4
1632487_2014B,0.77
1644328_2014B,0.4
1668504_2014B,0.7
1671811_2014B,0.601111111
1673876_2014B,0.7
1678014_2014B,0.4
1678800_2014B,0.866666667
1691815_2014B,0.596666667
1694780_2014B,0.8925
1715237_2014B,0.862
1739026_2014B,0.572222222
1750405_2014B,0.2
1753458_2014B,0.974444444
1763378_2014B,0.5
1769985_2014B,0.675
1774071_2014B,0.333333333
1780737_2014B,0.4
1781834_2014B,0.763333333
1828112_2014B,0.5
1841267_2014B,0.586666667
1848820_2014B,0.663333333
1855583_2014B,0.722222222
1876636_2014B,0.838888889
1877015_2014B,0.96
1888343_2014B,0.883333333
1891323_2014B,0.864
1894419_2014B,0.1
1896088_2014B,0.4
1906919_2014B,0.794444444
1911513_2014B,0.885
1922200_2014B,0.663333333
1924641_2014B,0.368571429
1930146_2014B,0.41
1930644_2014B,0.2875
1937511_2014B,0.6
1942999_2014B,0.755
1945240_2014B,0.545
1947911_2014B,0.82
1951080_2014B,0.818
1951139_2014B,0.822222222
1969407_2014B,0.6275
1997164_2014B,0.888888889
2008262_2014B,0.37
2016517_2014B,0.831111111
2030117_2014B,0.3
2032058_2014B,0.736666667
2044299_2014B,0.69
2047421_2014B,0.6925
2049668_2014B,0.645555556
2056643_2014B,0.93
2063578_2014B,0.955555556
2064873_2014B,0.876666667
2066504_2014B,0.12
2087182_2014B,0.475
2088765_2014B,0.89
2109119_2014B,0.715555556
2110039_2014B,0.3
2131908_2014B,0.91
2134237_2014B,0.43
2139037_2014B,0.907777778
2146277_2014B,0.791111111
2147620_2014B,0.84625
2147713_2014B,0.578571429
2156058_2014B,0.86375
2171264_2014B,0.7975
2171834_2014B,0.574
2178929_2014B,0.9
2187422_2014B,0.812222222
2211797_2014B,0.78
2238904_2014B,0.8
2239848_2014B,0.778888889
2247222_2014B,0.6925
2258228_2014B,0.555
2289032_2014B,0.615
2298895_2014B,0.917777778
2327710_2014B,0.3
2341839_2014B,0.8
2343809_2014B,0.3
2347802_2014B,0.938888889
2358707_2014B,0.38
2367058_2014B,0.946666667
2375259_2014B,0.4
2384687_2014B,0.82
2389754_2014B,0.473333333
2391004_2014B,0.73
2410519_2014B,0.955555556
2418732_2014B,0.871111111
2419115_2014B,0.91
2421961_2014B,0.276666667
2433069_2014B,0.884444444
2433221_2014B,0.78
2446778_2014B,0
2447528_2014B,0.883333333
2451726_2014B,0.38
2454878_2014B,0.35
2471283_2014B,0.524
2473058_2014B,0.2
2478799_2014B,0.32
2486769_2014B,0.476666667
2488382_2014B,0.848888889
2488713_2014B,0.6
2494507_2014B,0.814444444
2498388_2014B,0.84125
2503063_2014B,0.695555556
2513997_2014B,0.75
2517778_2014B,0
2522932_2014B,0.286
2526493_2014B,0.888888889
2529663_2014B,0.832
2545113_2014B,0.818888889
2548877_2014B,0.805
2555596_2014B,0.686666667
2556060_2014B,0.911111111
2558365_2014B,0.55
2564333_2014B,0.6
2564711_2014B,0.893333333
2567038_2014B,0.78625
2569090_2014B,0.7
2569834_2014B,0.33
2577091_2014B,0.623333333
2581603_2014B,0.667777778
2588201_2014B,0.833333333
2598913_2014B,0.606666667
2602235_2014B,0.2
2602264_2014B,0.93375
2603195_2014B,0.555
2607849_2014B,0.846
2609908_2014B,0.764444444
2613331_2014B,0.844
2615849_2014B,0.22
2616950_2014B,0.668888889
2617635_2014B,0.6
2620636_2014B,0.37
2623263_2014B,0.906666667
2629436_2014B,0.81
2631703_2014B,0.914
2639310_2014B,0.72125
2641486_2014B,0.4875
2644404_2014B,0.64
2652523_2014B,0.865
2658268_2014B,0.42
2659556_2014B,0.258333333
2661696_2014B,0.7
2665399_2014B,0.908
2668550_2014B,0.463333333
2677969_2014B,0.6275
2680742_2014B,0.676
2681198_2014B,0.453333333
2686578_2014B,0.92
2692327_2014B,0.848888889
2697181_2014B,0.876666667
2698535_2014B,0.2425
23698_2014J,0.744444444
25261_2014J,0.78
27116_2014J,0.933333333
28787_2014J,0.536
28952_2014J,0.595
29411_2014J,0.07
29420_2014J,0.7525
29639_2014J,0.837777778
30096_2014J,0.935555556
30850_2014J,0.993333333
31161_2014J,0.968888889
34068_2014J,0.733333333
35355_2014J,0.686
35508_2014J,0.818
37652_2014J,0.98
42746_2014J,0.958888889
46705_2014J,0.837142857
48635_2014J,0.78
51576_2014J,0.925
53300_2014J,0.908888889
54062_2014J,0.57
60809_2014J,0.856666667
61227_2014J,0.6825
61236_2014J,0.56
63371_2014J,0.788888889
69494_2014J,0.155
70214_2014J,0.33
70495_2014J,0.892222222
71723_2014J,0.632
72609_2014J,0.51
74290_2014J,0.1
76949_2014J,0.817777778
80329_2014J,0.775
80491_2014J,0.518
80868_2014J,0.786
91040_2014J,0.425
94978_2014J,0.696666667
96864_2014J,0
96874_2014J,0.795
100788_2014J,0.912
102209_2014J,0.543333333
104480_2014J,0.88
105168_2014J,0.85
105413_2014J,0.668888889
107883_2014J,0.935
109577_2014J,0.5725
112454_2014J,0.761111111
114367_2014J,0.901111111
119310_2014J,0.33
120236_2014J,0.443333333
123598_2014J,0.858
124711_2014J,0.44
125777_2014J,0.935
126812_2014J,0.4775
128072_2014J,0.67
128510_2014J,0.871666667
130671_2014J,0.78
131222_2014J,0.832222222
131933_2014J,0.7525
132423_2014J,0.84
133419_2014J,0.89
134190_2014J,0.78
134982_2014J,0.22
136335_2014J,0.918571429
137281_2014J,0.605
138861_2014J,0.943333333
138997_2014J,0.364
142092_2014J,0.9775
144745_2014J,0.665555556
145114_2014J,0.508
145490_2014J,0.466
145640_2014J,0.992
155298_2014J,0.692222222
155956_2014J,0.536
160536_2014J,0.748
161781_2014J,0.5
164968_2014J,0.695555556
165647_2014J,0.434285714
165733_2014J,0.4325
169297_2014J,0.75
170030_2014J,0.854444444
171896_2014J,0.353333333
175638_2014J,0.47
178072_2014J,0.57125
181861_2014J,0.77
182854_2014J,0.64125
185057_2014J,0.22
185127_2014J,0.567142857
188251_2014J,0.708333333
188273_2014J,0.697142857
188662_2014J,0.87375
190780_2014J,0.56
196189_2014J,0.79875
199261_2014J,0.606666667
199361_2014J,0.826666667
199760_2014J,0.49
200372_2014J,0.77
201425_2014J,0.788888889
232072_2014J,0.485
233444_2014J,0.586666667
238255_2014J,0.455
240486_2014J,0.5325
242636_2014J,0
242778_2014J,0.538888889
243358_2014J,0.646666667
244738_2014J,0.886666667
245217_2014J,0.567142857
245600_2014J,0.943333333
246829_2014J,0.48
247304_2014J,0.875
248818_2014J,0.44
253013_2014J,0.826
253496_2014J,0.46
256680_2014J,0.825
256867_2014J,0.841111111
257887_2014J,0.887142857
258042_2014J,0.44
259641_2014J,0.947777778
260062_2014J,0.78
261160_2014J,0.644
262385_2014J,0.89
263150_2014J,0.89
264151_2014J,0.5975
264715_2014J,0.758
264845_2014J,0.321428571
266097_2014J,0.56
267619_2014J,0.583333333
268018_2014J,0.615
269388_2014J,0.55875
271526_2014J,0.56
275297_2014J,0.964444444
275711_2014J,0.606666667
278413_2014J,0.89
278600_2014J,0.56
279879_2014J,0.52
283618_2014J,0.43
284095_2014J,0.901111111
285412_2014J,0.11
285637_2014J,0.538333333
286658_2014J,0.945555556
290043_2014J,0.56
291156_2014J,0.675
291674_2014J,0.868888889
293162_2014J,0.73
293686_2014J,0.746666667
294112_2014J,0.7975
296725_2014J,0.8825
297166_2014J,0.49875
300611_2014J,0.632
303218_2014J,0.835555556
305036_2014J,0.305
306202_2014J,0.614444444
307297_2014J,0.66
308953_2014J,0.404
310280_2014J,0.52
310765_2014J,0.833333333
311332_2014J,0.63
311862_2014J,0.772222222
312061_2014J,0.124
314956_2014J,0.567777778
316091_2014J,0.52625
317801_2014J,0.484444444
319492_2014J,0.625
320153_2014J,0.84
322499_2014J,0.78
322641_2014J,0.84
322844_2014J,0.366
322907_2014J,0.813333333
324338_2014J,0.85
325497_2014J,0.67
327057_2014J,0.941111111
328123_2014J,0.77
330453_2014J,0.883333333
330952_2014J,0.56
330966_2014J,0.705
332436_2014J,0.86
334154_2014J,0.74
334225_2014J,0.756666667
335401_2014J,0.22
335405_2014J,0.961111111
335914_2014J,0.78
336014_2014J,0.885
336131_2014J,0.933333333
336695_2014J,0.735
336772_2014J,0.875555556
338731_2014J,0.1925
338983_2014J,0.81
339235_2014J,0.977777778
339824_2014J,0.5625
340010_2014J,0.6175
341361_2014J,0.44
342799_2014J,0.596666667
347809_2014J,0.92
348351_2014J,0.49
348783_2014J,0.97
348855_2014J,0.881111111
349093_2014J,0.992
350267_2014J,0.6225
351903_2014J,0.683333333
352637_2014J,0.971111111
353804_2014J,0.53
354688_2014J,0.6475
355935_2014J,0.723333333
356297_2014J,0.43
356523_2014J,0.851666667
358075_2014J,0.738333333
358578_2014J,0.33
359958_2014J,0.92
362140_2014J,0.82
362548_2014J,0.338
364103_2014J,0.602222222
365661_2014J,0.756666667
365701_2014J,0.921111111
366164_2014J,0.533333333
366367_2014J,0.566
366873_2014J,0.567777778
367352_2014J,0.588888889
367510_2014J,0.11
367815_2014J,0.656666667
368436_2014J,0.775555556
369208_2014J,0.56
369242_2014J,0.78
369610_2014J,0.882222222
370512_2014J,0.638
370839_2014J,0.52
371429_2014J,0.675
371439_2014J,0.4725
372234_2014J,0.831111111
372577_2014J,0.586
378576_2014J,0.455
379042_2014J,0.622
379185_2014J,0.6425
379255_2014J,0.73
379265_2014J,0.6725
379406_2014J,0.84125
382378_2014J,0.673333333
384106_2014J,1
385033_2014J,0.842
385980_2014J,0.57
387944_2014J,0.662
387963_2014J,0.928888889
389250_2014J,0.806666667
391059_2014J,0.694285714
391466_2014J,0.485555556
392890_2014J,0.5975
393142_2014J,0.977777778
393526_2014J,0.78
394791_2014J,0.623333333
395757_2014J,0.858
396631_2014J,0.83
398496_2014J,0.693333333
400266_2014J,0.74
400958_2014J,0.514444444
401011_2014J,0.08
401258_2014J,1
402210_2014J,0.37
402378_2014J,0.612222222
402883_2014J,0.18
404863_2014J,0.78
405125_2014J,0.78
406326_2014J,0.67
406698_2014J,0.84
407404_2014J,0.858333333
408608_2014J,0.74125
409733_2014J,0.845555556
409852_2014J,0.315
409953_2014J,0.767777778
410176_2014J,0.62
411549_2014J,0.557777778
412304_2014J,1
412600_2014J,0.513333333
412663_2014J,0.526666667
413087_2014J,0.6625
413200_2014J,0.462222222
414772_2014J,0.561666667
415631_2014J,0.675
416284_2014J,0.612857143
416860_2014J,0.402
417522_2014J,0.844444444
417724_2014J,0.794444444
418397_2014J,0.781111111
418971_2014J,0.733333333
419024_2014J,0.476666667
420042_2014J,0.888571429
422343_2014J,0.857777778
422542_2014J,0.46375
422670_2014J,0.762222222
422697_2014J,0.776666667
423607_2014J,0.561111111
423622_2014J,0.6825
423664_2014J,0.605
425053_2014J,0.833333333
425287_2014J,0.513333333
427390_2014J,0.74
427413_2014J,0.66
429015_2014J,0.612222222
430020_2014J,0.66
430487_2014J,0.912222222
430806_2014J,0.773333333
432478_2014J,0.56
432724_2014J,0.983333333
433794_2014J,0.835714286
437482_2014J,0.846666667
437968_2014J,0.97
439855_2014J,0.92
440103_2014J,0.463333333
440171_2014J,0.651111111
442669_2014J,0.894444444
442924_2014J,0.922
443964_2014J,0.874
445114_2014J,0.612
445921_2014J,0.22
446439_2014J,0.648333333
446479_2014J,0.675
446778_2014J,0.86
447644_2014J,0.887777778
447695_2014J,0.81
448370_2014J,0.11
464732_2014J,0.385
464780_2014J,0.44
464981_2014J,0.995555556
465331_2014J,0.695
465577_2014J,0.375
465619_2014J,0.376666667
465732_2014J,0.4525
465764_2014J,0
465789_2014J,0.698
465900_2014J,0.742222222
466360_2014J,0.947777778
466372_2014J,0.785
467381_2014J,1
467753_2014J,0.51
468623_2014J,0.56
468902_2014J,0.475
469614_2014J,0
469887_2014J,0.56
470159_2014J,0.573333333
470385_2014J,0.874444444
470617_2014J,0.655
470914_2014J,0.396666667
471027_2014J,0.988
471580_2014J,0.544444444
471810_2014J,0.78
472290_2014J,0.85
472309_2014J,0.57
472651_2014J,0.88
472736_2014J,0.935555556
472762_2014J,0.856666667
473082_2014J,0.563333333
473491_2014J,0.971666667
474495_2014J,0.88
474628_2014J,0.748888889
475065_2014J,0.772222222
475149_2014J,0.783333333
475163_2014J,0.75
475734_2014J,0.63625
477099_2014J,0.75
477185_2014J,0.82
478346_2014J,0.6525
478513_2014J,0.783333333
478562_2014J,0.11
479522_2014J,0.493333333
479649_2014J,0.67
479987_2014J,0.706666667
480115_2014J,0.722
481169_2014J,0.645714286
481314_2014J,0.71
481350_2014J,0.776666667
482145_2014J,0.4375
482751_2014J,1
482868_2014J,0.44
482938_2014J,0.11
483108_2014J,0.735
483543_2014J,0.833333333
483666_2014J,0.895
483793_2014J,0.78
483858_2014J,0.727142857
484223_2014J,0.7425
484435_2014J,0.945
484787_2014J,0.78
485920_2014J,0.374
486300_2014J,0.62
486877_2014J,0.78
487314_2014J,0.7825
487570_2014J,0.44
488755_2014J,0.89
490313_2014J,0.58
490394_2014J,0.558
491926_2014J,0.67
492020_2014J,0.785
492357_2014J,0.544444444
492537_2014J,0.76
492613_2014J,0.393333333
493416_2014J,0.688888889
494211_2014J,0.59
494498_2014J,0.75
494829_2014J,0.628333333
494911_2014J,0.44
495438_2014J,0.60875
496355_2014J,0.86
496530_2014J,0.53
496845_2014J,0.83375
497536_2014J,0.33
497955_2014J,0.823333333
498236_2014J,0.614444444
498459_2014J,0.974444444
498602_2014J,0.84
498828_2014J,0.72
499420_2014J,0.914
499683_2014J,0.33
499703_2014J,0.948888889
499813_2014J,0.935555556
499848_2014J,0.422
500189_2014J,0.653333333
501146_2014J,0.781111111
501617_2014J,0.97
501867_2014J,0.805555556
501897_2014J,0.11
502004_2014J,0.19
502353_2014J,0.05
502356_2014J,0.422
502766_2014J,0.88
503457_2014J,0.884444444
503610_2014J,0.8675
503710_2014J,0.5625
503779_2014J,0.938888889
504363_2014J,0.882222222
505108_2014J,0.408333333
505403_2014J,0.78
505700_2014J,0.346666667
505722_2014J,0.65
505967_2014J,1
506144_2014J,0.804
506543_2014J,0.912
506705_2014J,0.78875
507344_2014J,0.665
508244_2014J,0.543333333
508295_2014J,0.21
508637_2014J,0.838888889
508775_2014J,0.33
509148_2014J,0.705
509150_2014J,0.895
509710_2014J,0.235
510054_2014J,0.762222222
510070_2014J,0.88
510266_2014J,0.614444444
510460_2014J,0.78
511258_2014J,0.882222222
511350_2014J,0.11
511612_2014J,0.79
512257_2014J,0.241666667
512259_2014J,0.683333333
512330_2014J,0.44
512852_2014J,0.918
513969_2014J,0.798888889
514504_2014J,0.5075
515426_2014J,0.78
515491_2014J,0.86
515734_2014J,0.411111111
515857_2014J,0.745555556
517223_2014J,0.603333333
517416_2014J,0.937777778
518134_2014J,0.91
518359_2014J,0.97
518503_2014J,0.67
519057_2014J,0.598888889
519116_2014J,0.755
519506_2014J,0.728
519684_2014J,0.855
520077_2014J,0.814444444
520332_2014J,0.666
521115_2014J,0.81625
521292_2014J,0.835555556
522004_2014J,0.065
522257_2014J,0.82
522525_2014J,0.66
522534_2014J,0.83
522708_2014J,0.6425
522754_2014J,0.54875
522924_2014J,0.32
523239_2014J,0.585
523334_2014J,0.673333333
523762_2014J,0.68
523817_2014J,0.57
523872_2014J,0.75
523944_2014J,0.826666667
524019_2014J,0.74
524170_2014J,0.56
524276_2014J,0.29
526124_2014J,0.715
526235_2014J,0.542
526441_2014J,0.433333333
526601_2014J,0.67
526741_2014J,0.673333333
527958_2014J,0.332
528290_2014J,0.97
528506_2014J,0.744444444
529309_2014J,0.44
529550_2014J,0.83
529723_2014J,0
529975_2014J,0.683333333
530663_2014J,0.717777778
531896_2014J,0.44
532440_2014J,0.732222222
532565_2014J,0.378333333
532649_2014J,0.58
532846_2014J,0.57
533006_2014J,0.89
533512_2014J,0.554
533689_2014J,0.473333333
534093_2014J,0.785555556
534203_2014J,0.78
534733_2014J,0.855555556
535161_2014J,0.835555556
535259_2014J,0.42
535648_2014J,0.828333333
536276_2014J,0.864444444
536736_2014J,0.44
536825_2014J,0.44
537654_2014J,0.578888889
537811_2014J,0.98
539408_2014J,0.33
539451_2014J,0.58
539727_2014J,0.67
540509_2014J,0.89
540694_2014J,0.46
541040_2014J,0.745
541482_2014J,0.61
541531_2014J,0.818888889
541538_2014J,0.518
541708_2014J,0.987777778
542054_2014J,0.285
542167_2014J,0.65375
542557_2014J,0.965555556
543417_2014J,0.32
543653_2014J,0.645
543788_2014J,0.882222222
544052_2014J,0.531111111
544267_2014J,0.886666667
544319_2014J,0.68
544720_2014J,0.4675
545118_2014J,0.386
545255_2014J,0.823333333
545704_2014J,0.705
545758_2014J,0.78
546139_2014J,0.25
546634_2014J,0.44
546654_2014J,0.813333333
546934_2014J,0.56
547153_2014J,0.635
547506_2014J,0.44
547612_2014J,0.692222222
548922_2014J,0.67
548926_2014J,0.373333333
549113_2014J,0.52
549439_2014J,0.737777778
549677_2014J,0.56
549687_2014J,0.74
549706_2014J,0.646666667
549769_2014J,0.602
549783_2014J,0.985555556
549888_2014J,0.846
550393_2014J,0.49
550545_2014J,0.7675
550702_2014J,0.9125
550814_2014J,0.53625
551158_2014J,0.78
551214_2014J,0.776666667
551220_2014J,0.8
551332_2014J,0.69
551397_2014J,0.856666667
551772_2014J,0.535
551791_2014J,0.89
552220_2014J,0.384285714
552255_2014J,0.11
552498_2014J,0.79
552666_2014J,0.383333333
552965_2014J,0.944444444
553599_2014J,1
553719_2014J,0.926666667
553741_2014J,0.601428571
554065_2014J,0.965555556
554266_2014J,0.84
554444_2014J,0
554459_2014J,0.416
554691_2014J,0.62
554761_2014J,0.625555556
555498_2014J,0.831111111
555760_2014J,0.9375
555884_2014J,0.914444444
555989_2014J,0.96
556140_2014J,0.61
556251_2014J,0.5175
556440_2014J,0.963333333
556476_2014J,0.16
556521_2014J,0.56
556645_2014J,0.558888889
556824_2014J,0.912222222
557608_2014J,0.613333333
557650_2014J,0.801111111
557700_2014J,0.725555556
557959_2014J,0.663333333
558440_2014J,0.421428571
558463_2014J,0.813333333
558839_2014J,0.798
559225_2014J,0.786666667
559518_2014J,0.42
559863_2014J,0.932222222
560064_2014J,0.506666667
560065_2014J,0.756
560554_2014J,0.41
560784_2014J,0.493333333
560879_2014J,0.674444444
561009_2014J,0.88
561113_2014J,0.603333333
561195_2014J,0.592222222
561208_2014J,0.828333333
561476_2014J,0.913333333
561560_2014J,0.772
561826_2014J,0.785555556
561848_2014J,0.596666667
561913_2014J,0.62125
562437_2014J,0.44
562884_2014J,0.716666667
563016_2014J,0.912222222
563051_2014J,0.625
563230_2014J,0.88
563321_2014J,0.8175
563920_2014J,0.71
564213_2014J,0.83125
564356_2014J,0.56
564649_2014J,0.378
564714_2014J,0.5575
564931_2014J,0.715
565066_2014J,0.496
565605_2014J,0.936
565743_2014J,0.45875
565840_2014J,0.31
565883_2014J,0.63
566135_2014J,0.65
566447_2014J,0.985555556
566464_2014J,0.81
566664_2014J,0
566694_2014J,0.56
566938_2014J,0.962222222
566979_2014J,0.882222222
567304_2014J,0.917777778
567451_2014J,0.606666667
567597_2014J,0.891666667
567719_2014J,0.616666667
567888_2014J,0.968
568307_2014J,0.243333333
568596_2014J,1
568691_2014J,0.95
568948_2014J,0.912222222
569049_2014J,0.89
569277_2014J,0.841111111
569944_2014J,0.884444444
570453_2014J,0.646666667
570491_2014J,0.644444444
570671_2014J,0.39
570732_2014J,0.947142857
570757_2014J,0.576666667
570954_2014J,0.55
570985_2014J,0.844444444
570997_2014J,0.48
571131_2014J,0.593333333
571610_2014J,0.45
571765_2014J,0.892222222
571808_2014J,0.936666667
571833_2014J,0.692222222
571921_2014J,0.885555556
571962_2014J,0.487777778
572011_2014J,0.707777778
572098_2014J,0.782222222
572154_2014J,0.598
572231_2014J,0.692857143
572339_2014J,0.85
572396_2014J,0.876666667
572431_2014J,0.77125
572537_2014J,0.964444444
572584_2014J,0.536666667
572588_2014J,0.42
572589_2014J,0.48
572599_2014J,0.78
572735_2014J,0.774
572746_2014J,0.796666667
572783_2014J,0.6675
572816_2014J,0.33
572874_2014J,0.81375
572919_2014J,0.696666667
573093_2014J,0.39
573473_2014J,0.3025
573481_2014J,0.67
573858_2014J,0.728
573920_2014J,0.45
573924_2014J,0.906
574259_2014J,0.658888889
574310_2014J,0.922222222
574325_2014J,0.626666667
574507_2014J,0.55
574508_2014J,0.56
574523_2014J,0.22
574586_2014J,0.7
574590_2014J,0.707777778
574637_2014J,0.77
574705_2014J,0.938888889
574720_2014J,0.557142857
574928_2014J,0.733333333
575039_2014J,0.392
575047_2014J,0.445
575162_2014J,0.1
575265_2014J,0.67
575398_2014J,0.404
575763_2014J,0.75
575766_2014J,0.617777778
575798_2014J,0.854444444
576233_2014J,0.5775
576251_2014J,0.936666667
576433_2014J,0.98
576439_2014J,0.911111111
576453_2014J,0.958888889
576541_2014J,0.594285714
576568_2014J,0.847777778
576791_2014J,0.948888889
577148_2014J,0.22
577149_2014J,0.44
577235_2014J,0.568
577279_2014J,0.908888889
577427_2014J,0.285
577458_2014J,0.52
577460_2014J,0.776666667
577551_2014J,0.206666667
577566_2014J,0.74
578000_2014J,0.525
578026_2014J,0.656666667
578815_2014J,0.898571429
578820_2014J,0.64
578823_2014J,0.425
579052_2014J,0.496666667
579176_2014J,0.74
579278_2014J,0.374
579283_2014J,0.89
579325_2014J,0.78
579362_2014J,0.713333333
579583_2014J,0.64
579614_2014J,0.715
580342_2014J,0.835555556
580384_2014J,0.97125
580657_2014J,0.715
580709_2014J,0.495
580714_2014J,0.824444444
580722_2014J,0.77
580798_2014J,0.775555556
580845_2014J,0.635555556
580916_2014J,0.696666667
581123_2014J,0.567777778
581179_2014J,0.62375
581247_2014J,0.794
581288_2014J,0.815
581316_2014J,0.65
581410_2014J,0.773333333
581552_2014J,0.8725
581656_2014J,0.758888889
581676_2014J,0.581111111
581708_2014J,0.213333333
581770_2014J,0.56
582320_2014J,0.833333333
582395_2014J,0.708
582514_2014J,0.32
582530_2014J,0.595
582550_2014J,0.6125
582651_2014J,0.748
582723_2014J,0.555
583288_2014J,0.315
583293_2014J,0.883333333
583704_2014J,0.792222222
583993_2014J,0.444285714
584077_2014J,0.56
584281_2014J,0.56
584386_2014J,0.571111111
584443_2014J,0.983333333
584553_2014J,0.81
584711_2014J,0.61
584771_2014J,0.673333333
584926_2014J,0.582857143
585098_2014J,0.78
585134_2014J,0.862222222
585154_2014J,0.861111111
585222_2014J,0.515
585359_2014J,0.5775
585422_2014J,0.926666667
585662_2014J,0.89
585769_2014J,0.8625
585812_2014J,0.608571429
586046_2014J,0.4975
586047_2014J,0.604444444
586088_2014J,0.782
586227_2014J,0.84
586261_2014J,0.686666667
586476_2014J,0.732222222
586497_2014J,0.9375
586526_2014J,0.396666667
586550_2014J,0.835
586594_2014J,0.893333333
586668_2014J,0.604444444
586750_2014J,0.5025
586762_2014J,0.524444444
586781_2014J,0.984
586808_2014J,0.853333333
586838_2014J,0.428
586921_2014J,0.493333333
587008_2014J,0.83
587082_2014J,0.825
587122_2014J,0.67
587244_2014J,0.561111111
587377_2014J,0.5775
587391_2014J,0.988888889
587550_2014J,0.71
587641_2014J,0.505
587881_2014J,0.89
588033_2014J,0.848
588100_2014J,0.828888889
588170_2014J,0.766
588178_2014J,0.8875
588482_2014J,0.724444444
588493_2014J,0.661666667
588556_2014J,0.5
588566_2014J,0.686666667
588765_2014J,0.684444444
588824_2014J,1
588842_2014J,0.773333333
589327_2014J,0.6275
589438_2014J,0.964
589441_2014J,0.26
589463_2014J,0.678333333
589523_2014J,0.462857143
589565_2014J,0.988888889
589634_2014J,0.836
589723_2014J,0.44
589778_2014J,0.816
589782_2014J,0.917777778
589956_2014J,0.848333333
590397_2014J,0.758888889
590519_2014J,0.735
590676_2014J,0.5525
590974_2014J,0.67
591083_2014J,0.483333333
591230_2014J,0.834444444
591733_2014J,0.448333333
591869_2014J,0.502
591891_2014J,0.737777778
592051_2014J,0.423333333
592093_2014J,0.597142857
592259_2014J,0.44
592310_2014J,0.913333333
592338_2014J,0.711111111
592372_2014J,0.341666667
592494_2014J,0.75
592625_2014J,0.786
592657_2014J,0.56
592731_2014J,0.99
592950_2014J,0.67
592951_2014J,0.67
592997_2014J,0.588888889
593022_2014J,0.738888889
593607_2014J,0.412
593657_2014J,0.956666667
594214_2014J,0.56
594326_2014J,0.532222222
594399_2014J,0.44
594419_2014J,0.608888889
594627_2014J,0.67
594909_2014J,0.648571429
595106_2014J,0.934444444
595495_2014J,0.665555556
595514_2014J,0.648
595553_2014J,0.863333333
595938_2014J,0.455
595988_2014J,0.67
596332_2014J,0.852222222
596441_2014J,0.11
596620_2014J,0.826666667
596711_2014J,0.854285714
596845_2014J,0.846666667
596846_2014J,0.685555556
596981_2014J,0.724
597052_2014J,0.863333333
597166_2014J,0.44
597319_2014J,0.39
597365_2014J,0.89
597433_2014J,0.648888889
597436_2014J,0.946
597755_2014J,0.881111111
598028_2014J,0.44
598102_2014J,0.705
598299_2014J,0.781111111
598478_2014J,0.78
598501_2014J,0.803333333
598665_2014J,0.958571429
598713_2014J,0.755555556
598751_2014J,0.8
598963_2014J,0.737777778
598983_2014J,0.482222222
599084_2014J,1
599109_2014J,0.826666667
599169_2014J,0.83375
599176_2014J,0.955555556
599297_2014J,0.475
599341_2014J,0.67
599398_2014J,0.688888889
599452_2014J,0.79
599491_2014J,0.73
599663_2014J,0.7225
599740_2014J,0.604285714
600067_2014J,0.908888889
600175_2014J,0.73
600350_2014J,0.56
600509_2014J,0.33
600535_2014J,0.558
600796_2014J,0.774
600814_2014J,0.60625
600869_2014J,1
601043_2014J,0.85
601082_2014J,0.64125
601234_2014J,0.725555556
601388_2014J,0.672222222
601431_2014J,0.65
601517_2014J,0.515555556
601566_2014J,0.72
601567_2014J,0.3825
601735_2014J,0.9075
601753_2014J,0.44
601956_2014J,0.47
602030_2014J,0.3625
602123_2014J,0.56125
602151_2014J,0.915555556
602288_2014J,0.655555556
602533_2014J,0.941111111
602683_2014J,0.966666667
602827_2014J,0.68
602856_2014J,0.89
602973_2014J,0.813333333
603049_2014J,0.66625
603129_2014J,0.806
603179_2014J,0.612
603302_2014J,0.803333333
603325_2014J,0.918571429
603503_2014J,0.814444444
603529_2014J,0.713333333
603560_2014J,0.89
603620_2014J,0.831428571
603979_2014J,0.67
604057_2014J,0.99125
604164_2014J,0.802222222
604379_2014J,0.33
604694_2014J,0.633333333
604825_2014J,0.755
604906_2014J,0.584444444
604991_2014J,0.99
605111_2014J,0.766
605367_2014J,0.625555556
605459_2014J,0.435
605468_2014J,0.833333333
605540_2014J,0.88
605545_2014J,0.78
605666_2014J,0.8425
605840_2014J,0.993333333
605868_2014J,0.968
606036_2014J,0.33
606064_2014J,0.881111111
606170_2014J,0.658
606344_2014J,0.703333333
606345_2014J,0.888888889
607047_2014J,0.758888889
607085_2014J,0.613333333
607094_2014J,0.9
607143_2014J,0.22
607429_2014J,0.606
607453_2014J,0.746666667
607555_2014J,0.422
607600_2014J,0.44
607668_2014J,0.7775
607812_2014J,0.84
607900_2014J,0.9175
607947_2014J,0.898888889
608422_2014J,0.522857143
608423_2014J,0.671666667
608571_2014J,0.765
608577_2014J,0.835
608681_2014J,0.421111111
608746_2014J,0.808571429
608891_2014J,0.835
608978_2014J,0.971111111
609031_2014J,0.826666667
609235_2014J,0.956666667
609456_2014J,0.867777778
609527_2014J,0.56
609537_2014J,0.976666667
609605_2014J,0.568
609823_2014J,0.815
609852_2014J,0.952222222
609891_2014J,0.41375
609969_2014J,0.833333333
610019_2014J,0.618
610033_2014J,0.885555556
610234_2014J,0.9
610279_2014J,0.665
610285_2014J,0.886666667
610287_2014J,0.766666667
610537_2014J,0.165
610549_2014J,0.56
610622_2014J,0
610643_2014J,0.684444444
610650_2014J,0.854444444
610681_2014J,0.796666667
610684_2014J,0.11
610881_2014J,0.918888889
610904_2014J,0.773333333
611033_2014J,0.903333333
611173_2014J,0.521666667
611255_2014J,0.83
611407_2014J,0.813333333
611417_2014J,0.868888889
611542_2014J,0.84
611593_2014J,0.962222222
611813_2014J,0.964444444
612127_2014J,0.596666667
612177_2014J,0.63
612179_2014J,0.531111111
612183_2014J,0.615
612187_2014J,0.55
612283_2014J,0.3
612327_2014J,0.688888889
612439_2014J,0.78
612449_2014J,0.22
612568_2014J,0.89
612798_2014J,0.785555556
612860_2014J,0.78
613122_2014J,0.33375
613237_2014J,0.742222222
613370_2014J,0.95
613644_2014J,0.89
613667_2014J,0.83
613806_2014J,0.988
613954_2014J,0.908
614265_2014J,0.715555556
614300_2014J,0.77
614458_2014J,0.947777778
614761_2014J,0.666
614804_2014J,0.661111111
615075_2014J,0.946666667
615241_2014J,0.885
615242_2014J,0
616386_2014J,0.592222222
616407_2014J,0.933333333
616439_2014J,0.37375
616646_2014J,0.54
616658_2014J,0.822222222
616789_2014J,0.574
616870_2014J,0.917777778
617130_2014J,0.735
617327_2014J,0.245
617418_2014J,0.39
617740_2014J,0.884444444
618513_2014J,0.612222222
618590_2014J,0.656666667
618649_2014J,0.706666667
618683_2014J,0.988
618777_2014J,0.964444444
618849_2014J,0.8725
618865_2014J,0.584444444
618875_2014J,0.64
618982_2014J,0.46
619359_2014J,0.64
619380_2014J,0.668888889
619472_2014J,0.22
619503_2014J,0.913333333
619927_2014J,0.881111111
619928_2014J,0.908888889
620159_2014J,0.5
620231_2014J,0.666666667
620243_2014J,0.641666667
620369_2014J,0.68375
620484_2014J,0.47
620652_2014J,0.886
620716_2014J,0.878888889
620782_2014J,0.33
620819_2014J,0.56
620897_2014J,0.9275
621300_2014J,0.648888889
621380_2014J,1
621414_2014J,0.155
621442_2014J,0.46375
621605_2014J,0.832
621696_2014J,0.714444444
621884_2014J,0.924444444
622015_2014J,0.56
622027_2014J,0.514285714
622096_2014J,0.743333333
622192_2014J,0.856666667
622374_2014J,0.951111111
622384_2014J,0.33
622413_2014J,0.23
622425_2014J,0.496666667
622541_2014J,0.637777778
622812_2014J,0.794444444
622890_2014J,0.57
622935_2014J,0.734444444
622972_2014J,0.78
622976_2014J,0.856
623100_2014J,0.845555556
623124_2014J,0.748888889
623221_2014J,0.942
623484_2014J,0.885555556
623511_2014J,0.961666667
624060_2014J,0.985555556
624156_2014J,0.425555556
624209_2014J,0.863333333
624256_2014J,0.65375
624354_2014J,0.231428571
624469_2014J,0.56
624493_2014J,0.898888889
624730_2014J,0.08
624789_2014J,0.798888889
624860_2014J,0.72
624927_2014J,0.882222222
624957_2014J,0.2775
625067_2014J,0.48625
625078_2014J,0.94
625100_2014J,0.603333333
625126_2014J,0.78
625263_2014J,0.808888889
625357_2014J,0.9
625541_2014J,0.58375
625928_2014J,0.09
626103_2014J,0.858333333
626296_2014J,0.791111111
626407_2014J,0.66
626417_2014J,0.837777778
626463_2014J,0.67125
626519_2014J,0.708571429
626625_2014J,0.815
626757_2014J,0.918888889
626768_2014J,0.54
626878_2014J,0.494444444
627184_2014J,0.583333333
627283_2014J,0.571666667
627295_2014J,0.61
627401_2014J,0.9025
627417_2014J,0.831111111
627450_2014J,0.617777778
627471_2014J,0.846666667
627527_2014J,0.9075
627581_2014J,0.01
627599_2014J,0.78
627947_2014J,0.796666667
628008_2014J,0.44
628034_2014J,0.656666667
628114_2014J,0.733333333
628216_2014J,0.705714286
628300_2014J,0.776666667
628361_2014J,0.982222222
628376_2014J,0.79875
628407_2014J,0.804285714
628480_2014J,0.33
628618_2014J,0.566666667
628706_2014J,0.225
628717_2014J,0.865
628720_2014J,0.57
628777_2014J,0.7175
628846_2014J,0.63
628910_2014J,0.7375
629056_2014J,0.35
629096_2014J,0.52
629405_2014J,0.92
629523_2014J,0.993333333
629535_2014J,0.482222222
629560_2014J,0.644
629607_2014J,0.82
629692_2014J,0.89
629696_2014J,0.918888889
629748_2014J,0.67
629822_2014J,0.11
630013_2014J,0.623333333
630073_2014J,0.61
630165_2014J,0.743333333
630177_2014J,0.844444444
630200_2014J,0.49
630430_2014J,0.712222222
630431_2014J,0.712
630452_2014J,0.693333333
630467_2014J,0.944444444
630479_2014J,0.877777778
630519_2014J,0.832222222
630891_2014J,0
630905_2014J,0.97
630935_2014J,0.842222222
631016_2014J,0.705
631073_2014J,0.687777778
631117_2014J,0.944444444
631247_2014J,0.8625
631491_2014J,0.995555556
631573_2014J,0.632222222
631663_2014J,0.775555556
631771_2014J,0.972222222
631851_2014J,0.977777778
631860_2014J,0.98
631870_2014J,0.815
631880_2014J,0.65
631924_2014J,0.67875
632004_2014J,0.716666667
632083_2014J,0.725555556
632134_2014J,0.6
632260_2014J,0.67
632378_2014J,0.93
632451_2014J,0.828
632575_2014J,0.76875
632626_2014J,0.22
632637_2014J,0.487142857
632700_2014J,0.93
632709_2014J,0.897777778
632756_2014J,0.97
632866_2014J,0.87625
632904_2014J,0.67
632929_2014J,0.44
632942_2014J,0.956666667
633008_2014J,0.941111111
633047_2014J,0.18
633069_2014J,0.93
633179_2014J,0.798888889
633198_2014J,0.5325
633238_2014J,0.165
633303_2014J,0.973333333
633328_2014J,0.906666667
633334_2014J,0.5075
633504_2014J,0.825
633511_2014J,0.6
633544_2014J,0.555555556
633618_2014J,0.828
633634_2014J,0.541428571
633647_2014J,0.73
633655_2014J,1
633746_2014J,0.727777778
633914_2014J,0.782222222
633960_2014J,0.987777778
633990_2014J,0.78
634111_2014J,0.756666667
634119_2014J,0.882
634193_2014J,0.97
634200_2014J,0.756666667
634309_2014J,0.656666667
634351_2014J,0.863333333
634365_2014J,0.946
634420_2014J,0.6
634536_2014J,0.938888889
634552_2014J,0.831111111
634600_2014J,0.71875
634648_2014J,0.523333333
634721_2014J,0.56
634776_2014J,0.665
634817_2014J,0.67
634824_2014J,0.533333333
634853_2014J,0.581111111
635410_2014J,0.255
635573_2014J,0.975555556
635711_2014J,0.794
635802_2014J,0.967777778
636000_2014J,0.618888889
636124_2014J,0.977777778
636364_2014J,0.903333333
636387_2014J,0.947777778
636420_2014J,0.33
636422_2014J,0.888
636628_2014J,0.67
636716_2014J,0.84
636732_2014J,0.815
636783_2014J,0.947777778
636996_2014J,0.74
637070_2014J,0.671111111
637089_2014J,0.22
637325_2014J,0.06
637691_2014J,0.44375
637708_2014J,0.947777778
637754_2014J,0.981111111
638018_2014J,0.882222222
638243_2014J,0.67
638254_2014J,0.845
638504_2014J,0.22
638771_2014J,0.785
639012_2014J,0.52375
640109_2014J,0.67
640773_2014J,0.697777778
641347_2014J,0.498
641363_2014J,0.674444444
641684_2014J,0.285
641696_2014J,0.803333333
641804_2014J,0.625
642291_2014J,0.89
642591_2014J,0.865555556
642817_2014J,0.736
642838_2014J,0.72
642839_2014J,0.325
642850_2014J,0.924
642902_2014J,0.55125
643199_2014J,0.528
643309_2014J,0.84
643403_2014J,0.863333333
643404_2014J,0.74
643434_2014J,0.446666667
643568_2014J,0.8425
643690_2014J,0.33
643758_2014J,0.456666667
643770_2014J,0.653333333
644093_2014J,0.855555556
644242_2014J,0.922222222
644246_2014J,0.94
644369_2014J,0.55
644416_2014J,0.916
644480_2014J,0.672222222
644516_2014J,0.72
644828_2014J,0.882222222
644848_2014J,0.824
644905_2014J,0.986666667
644951_2014J,0.911111111
644974_2014J,0.883333333
645124_2014J,0.943333333
645144_2014J,0.995
645160_2014J,0.11
645174_2014J,0.642857143
645216_2014J,0.905
645334_2014J,0.963333333
645369_2014J,0.86
645586_2014J,0.898888889
645590_2014J,0.78
645698_2014J,0.752222222
645770_2014J,0.692222222
645792_2014J,0.983333333
645835_2014J,0.721666667
645939_2014J,0.78
645948_2014J,0.763333333
646071_2014J,0.52125
646173_2014J,0.823333333
646351_2014J,0.925555556
646359_2014J,0.245
646363_2014J,0.925
646406_2014J,0.984
646413_2014J,0.533333333
646481_2014J,0.843333333
646553_2014J,0.75
646589_2014J,0.584444444
646841_2014J,0.67
646998_2014J,0.83625
647083_2014J,0.576666667
647148_2014J,0.621428571
647195_2014J,0.977777778
647406_2014J,0.64
647417_2014J,0.67
647464_2014J,0.814
647479_2014J,0.462222222
647518_2014J,0.705
647593_2014J,0.84125
647684_2014J,0.44
647735_2014J,0.175
647763_2014J,0.813333333
647865_2014J,0.572222222
647869_2014J,0.96
647888_2014J,0.81375
648085_2014J,0.6725
648140_2014J,0.59
648161_2014J,0.811666667
648250_2014J,0.67
648285_2014J,0.721111111
648321_2014J,0.842
648363_2014J,0.993333333
648369_2014J,0.71
648590_2014J,0.59
648649_2014J,0.844
648781_2014J,0.782222222
648818_2014J,0.712
648854_2014J,0.66625
648868_2014J,0.33
648872_2014J,0.67
648959_2014J,0.5825
649001_2014J,0.433333333
649105_2014J,0.912
649129_2014J,0.924444444
649141_2014J,0.768333333
649343_2014J,0.765555556
649592_2014J,0.872222222
649604_2014J,0.672222222
649607_2014J,0.25
649761_2014J,0.663333333
649816_2014J,0.50625
649840_2014J,0.6625
649856_2014J,1
649868_2014J,0.831428571
650085_2014J,0.67
650099_2014J,0.77
650105_2014J,0.51
650133_2014J,0.56
650145_2014J,0.548
650271_2014J,0.793333333
650341_2014J,0.50875
650370_2014J,0.885555556
650511_2014J,0.918
650787_2014J,0.48875
650849_2014J,0.5875
650850_2014J,0.506666667
650856_2014J,0.655
650863_2014J,0.973333333
651058_2014J,0.78
651159_2014J,0.902
651217_2014J,0.725
651267_2014J,0
651423_2014J,0.876666667
651495_2014J,0.971111111
651508_2014J,0.832222222
651759_2014J,0.993333333
651764_2014J,0.978888889
651823_2014J,0.675555556
651850_2014J,0.468333333
651935_2014J,0.855555556
652023_2014J,0.731111111
652428_2014J,0.56
652501_2014J,0.69
652894_2014J,0.323333333
652902_2014J,0.993333333
652994_2014J,0
653115_2014J,0.783333333
653127_2014J,0.97
653177_2014J,0.36
653278_2014J,0.812222222
653452_2014J,0.697142857
653506_2014J,0.06
653700_2014J,0.88
653821_2014J,0.84
653887_2014J,0.58
654000_2014J,0.626666667
654002_2014J,0.93
654016_2014J,0.896666667
654031_2014J,0.806666667
654114_2014J,0.586
654188_2014J,0.63
654295_2014J,0.814
654322_2014J,0.895555556
654504_2014J,0.642222222
654539_2014J,0.903333333
654646_2014J,0.9675
654755_2014J,0.24
654817_2014J,0.806
654915_2014J,0.911111111
655051_2014J,0.50875
655108_2014J,0.916666667
655353_2014J,0.851111111
655378_2014J,0.765555556
655390_2014J,0.852222222
655408_2014J,0.33
655484_2014J,0.67
655498_2014J,0.86
655890_2014J,0.961111111
655919_2014J,0.62
655927_2014J,0.69
655973_2014J,0.791428571
655988_2014J,0.875
656203_2014J,0.638571429
656277_2014J,0.843333333
656287_2014J,0.972
656340_2014J,0.818888889
656347_2014J,0.80875
656539_2014J,0.823333333
656634_2014J,1
656642_2014J,0.562222222
656683_2014J,0.922222222
656929_2014J,0.544285714
656954_2014J,0.67
657048_2014J,0.558
657050_2014J,0.954444444
657145_2014J,0.93
657210_2014J,0.67
657285_2014J,0.852
657352_2014J,0.663333333
665414_2014J,0.958
669530_2014J,0.516
674430_2014J,0.696666667
674497_2014J,0.767777778
674541_2014J,0.941111111
674699_2014J,0.776666667
674808_2014J,0.666666667
674882_2014J,0.651666667
674965_2014J,0.89
675054_2014J,0.72625
675063_2014J,0.965555556
675111_2014J,0.882222222
675374_2014J,0.8
675383_2014J,0.95
675396_2014J,0.771111111
675442_2014J,0.56
675477_2014J,0.704285714
675495_2014J,0.594
675504_2014J,0.938888889
675638_2014J,0.962
675760_2014J,0.972
675823_2014J,0.805
675875_2014J,0.982222222
675902_2014J,0.694285714
675915_2014J,0.285
676390_2014J,0.761111111
676469_2014J,0.7325
676503_2014J,0.984
676526_2014J,0.896666667
676538_2014J,0.69
676650_2014J,0.984444444
676783_2014J,0.45
676909_2014J,0.918888889
676916_2014J,0.805714286
676964_2014J,0.835555556
677006_2014J,0.805555556
677018_2014J,0.852222222
677085_2014J,0.738888889
677089_2014J,0.962857143
677349_2014J,0.872222222
677459_2014J,0.631111111
677641_2014J,0.943333333
677741_2014J,0.923333333
678089_2014J,0.953333333
678194_2014J,0.662222222
678203_2014J,0.594285714
678204_2014J,0.851111111
678339_2014J,0.78375
678393_2014J,0.734
678395_2014J,0.988
678408_2014J,0.828
678419_2014J,0.71
678790_2014J,0.7075
678860_2014J,0.934
679039_2014J,0.564444444
679128_2014J,0.928
679179_2014J,0.75
679271_2014J,0.41
679363_2014J,0.47
679386_2014J,0.591111111
679431_2014J,0.978888889
679451_2014J,0.94
679529_2014J,0.476666667
679569_2014J,0.642222222
679599_2014J,0.875
679663_2014J,0.647142857
679733_2014J,0.982222222
679750_2014J,0.831111111
679886_2014J,0.918888889
679939_2014J,0.8275
679959_2014J,0.806666667
680002_2014J,0.888888889
680027_2014J,0.987777778
680133_2014J,1
680145_2014J,0.378
680187_2014J,0.952222222
680222_2014J,0
680267_2014J,0.722222222
680492_2014J,0.877777778
680602_2014J,0.783333333
680687_2014J,0.97125
680765_2014J,0.506666667
680804_2014J,0.695555556
680890_2014J,0.993333333
681165_2014J,0.925555556
681174_2014J,0.918888889
681235_2014J,0.621111111
681302_2014J,0.804444444
681335_2014J,0.815
681642_2014J,0.916666667
681731_2014J,0.938
681966_2014J,0.67
682226_2014J,0.865
682259_2014J,0.36
682301_2014J,0.525555556
682309_2014J,0.735
682367_2014J,0.90875
682414_2014J,0.78
682511_2014J,0.604444444
682569_2014J,0.735555556
682717_2014J,0.76
682738_2014J,0.91
682961_2014J,0.954444444
683373_2014J,0.88
683406_2014J,0.724
683503_2014J,0.646
683625_2014J,0.65875
683668_2014J,0.952222222
683777_2014J,0.655555556
683865_2014J,0.67
684111_2014J,0.546666667
684270_2014J,0.55
684444_2014J,0.716666667
684498_2014J,0.465
684514_2014J,0.646666667
684617_2014J,0.56
684643_2014J,0.655
684663_2014J,0.8
684669_2014J,0.767777778
684709_2014J,0.968888889
684905_2014J,0.785555556
684990_2014J,0.645
685098_2014J,0.984444444
685206_2014J,0.958888889
685212_2014J,0.852222222
685236_2014J,0.4375
685287_2014J,0.912222222
685289_2014J,0.78
685399_2014J,0.78
685412_2014J,0.902222222
685458_2014J,0.913333333
685474_2014J,0.55
685487_2014J,0.964444444
685514_2014J,0.652222222
685557_2014J,0.56
685572_2014J,0.714285714
685597_2014J,0.776666667
685619_2014J,0.535714286
685705_2014J,0.666666667
685849_2014J,0.727777778
685860_2014J,0.95
685871_2014J,0.977777778
685950_2014J,0.51
685952_2014J,0.56
685964_2014J,0.964444444
685988_2014J,0.936666667
686001_2014J,0.89
686018_2014J,0.923333333
686034_2014J,0.56
686058_2014J,0.944444444
686110_2014J,0.78
686268_2014J,0.635555556
686411_2014J,0.985555556
686515_2014J,0.843333333
686558_2014J,0.703333333
686584_2014J,0.818888889
686645_2014J,0.866
686797_2014J,0.78
686907_2014J,0.867142857
686957_2014J,0.801111111
687023_2014J,0.621666667
687160_2014J,0.933333333
687190_2014J,0.97
687206_2014J,0.982222222
687216_2014J,0.985555556
687310_2014J,0.41
687686_2014J,0.934444444
687772_2014J,0.976
687844_2014J,0.785
687877_2014J,0.762222222
687981_2014J,0.787142857
688033_2014J,0.47
688117_2014J,0.33
688171_2014J,0.63
688281_2014J,0.851111111
688337_2014J,0.775555556
688356_2014J,0.916
688521_2014J,0.921111111
688533_2014J,0.918
688537_2014J,0.4
688707_2014J,0.876
688770_2014J,0.771428571
688843_2014J,0.615
689004_2014J,0.953333333
689042_2014J,0.89
689050_2014J,0.9225
689101_2014J,0.853333333
689164_2014J,0.668
689190_2014J,0.861111111
689217_2014J,0.783333333
689246_2014J,0.964444444
689399_2014J,0.617777778
689436_2014J,0.99
689527_2014J,0.18
689637_2014J,0.89375
689759_2014J,0.658888889
689792_2014J,0.781666667
689855_2014J,0.911111111
690046_2014J,0.735
690062_2014J,0.78
690365_2014J,0.7875
690404_2014J,0.915555556
690439_2014J,0.586666667
690507_2014J,0.623333333
690589_2014J,0.327777778
690644_2014J,0.835
690695_2014J,0.976666667
690733_2014J,0.987777778
690763_2014J,0.715
690948_2014J,0.62
690962_2014J,0.723333333
691069_2014J,0.91
691177_2014J,0.56
691195_2014J,0.165555556
691218_2014J,0.817142857
691257_2014J,0
691433_2014J,0.836666667
691550_2014J,0.968888889
691843_2014J,0.572222222
691926_2014J,0.861111111
691931_2014J,0.856
692105_2014J,0.91
692219_2014J,0.56
692363_2014J,0.69
692490_2014J,0.711111111
692500_2014J,0.783333333
692603_2014J,0.981111111
692654_2014J,0.833333333
692850_2014J,0.89
692928_2014J,0.775555556
692933_2014J,0.84
693058_2014J,0.965555556
693111_2014J,0.9
693141_2014J,0.774
693182_2014J,0.602222222
693204_2014J,0.735555556
693302_2014J,0.902222222
693340_2014J,0.838
693747_2014J,0.766666667
693938_2014J,0.91875
693998_2014J,0.713333333
694103_2014J,0.878888889
694147_2014J,0.79
694150_2014J,0.67
694212_2014J,0.8375
694362_2014J,0.873333333
694472_2014J,0.8075
694510_2014J,0.892
694523_2014J,0.967777778
694536_2014J,0.44
694563_2014J,0.782
694579_2014J,0.842222222
694680_2014J,0.71
694705_2014J,0.67
694726_2014J,0.546
694807_2014J,0.6725
694860_2014J,0.924444444
694871_2014J,0.32
694914_2014J,0.44
695122_2014J,0.33
695232_2014J,0.99
695270_2014J,0.777777778
695340_2014J,0.815
695354_2014J,0.971111111
695369_2014J,0.11
695518_2014J,0.82
695643_2014J,1
695653_2014J,0.513333333
695673_2014J,0.887777778
695732_2014J,0.97
695874_2014J,0.56
695915_2014J,0.89
695946_2014J,0.82
696019_2014J,0.9
696234_2014J,0.44
696271_2014J,0.967777778
696324_2014J,0.928
696357_2014J,0.69
696469_2014J,0.957777778
696501_2014J,0.783333333
696515_2014J,0.618571429
696696_2014J,0.963333333
696833_2014J,0.92
696869_2014J,0.745
696930_2014J,0.67
697253_2014J,0.465
697283_2014J,0.845
697460_2014J,0.36
697567_2014J,0.913333333
697948_2014J,0.49
697998_2014J,0.7525
698002_2014J,0.964444444
698024_2014J,0.716666667
698112_2014J,0.48
698299_2014J,0.927777778
698355_2014J,0.956666667
698359_2014J,0.693333333
698598_2014J,0.772
699370_2014J,0.62
857856_2014J,1
921739_2014J,0.893333333
941282_2014J,0.886666667
943374_2014J,0.544444444
973526_2014J,0.935
986561_2014J,0.876666667
1023623_2014J,0.7725
1031884_2014J,0.927777778
1068316_2014J,0.37125
1076015_2014J,0.855555556
1078701_2014J,0.898
1091274_2014J,0.6925
1101190_2014J,0.853333333
1118218_2014J,0.67
1301103_2014J,0.945555556
1307784_2014J,0.63
1332356_2014J,0.764444444
1332514_2014J,0.692
1340760_2014J,0.8325
1345808_2014J,0.65
1352733_2014J,0.956666667
1360953_2014J,0.937777778
1439723_2014J,0.253333333
1442981_2014J,0.9325
1449245_2014J,0.66
1461795_2014J,0.58
1468838_2014J,0.616666667
1474903_2014J,0.952
1478030_2014J,0.78
1478775_2014J,0.768
1483632_2014J,0.77875
1485702_2014J,0.91
1490624_2014J,0.92
1491894_2014J,0.67
1501577_2014J,0.916666667
1501614_2014J,0.825555556
1532840_2014J,0.905
1552044_2014J,0.842
1554143_2014J,0.796666667
1561750_2014J,0.525
1564630_2014J,0.84
1583847_2014J,0.905
1592048_2014J,0.912
1593442_2014J,0.843333333
1612600_2014J,0.845
1634278_2014J,0.451666667
1646172_2014J,0.708333333
1656486_2014J,0.5
1658963_2014J,0.812222222
1671022_2014J,0.896666667
1674799_2014J,0.81
1681946_2014J,0.9325
1692156_2014J,0.804
1738582_2014J,0.952
1744800_2014J,0.11
1752098_2014J,0.7
1752813_2014J,0.885555556
1773925_2014J,0.97
1808622_2014J,0.901111111
1810414_2014J,0.558888889
1817515_2014J,0.842
1826819_2014J,0.974
1828753_2014J,0.928888889
1841267_2014J,0.586666667
1848820_2014J,0.663333333
1850818_2014J,0.24
1851108_2014J,0.963333333
1864086_2014J,0.275
1874160_2014J,0.865555556
1896088_2014J,0.4
1897054_2014J,0.867777778
1902240_2014J,0.876666667
1906003_2014J,0.62
1915824_2014J,0.678888889
1916140_2014J,0.885
1936285_2014J,0.942222222
1942491_2014J,0.748888889
1942870_2014J,0.957777778
1945240_2014J,0.495
1958121_2014J,0.942
1960479_2014J,0.702
1961938_2014J,0.95
1966597_2014J,0.62
1982166_2014J,0.754444444
1986081_2014J,0.44
1991399_2014J,0.934444444
1994385_2014J,0.78
2009279_2014J,0
2013403_2014J,0.914444444
2020916_2014J,0.431666667
2026585_2014J,0.844444444
2030117_2014J,0.52
2032057_2014J,0.765
2044299_2014J,0.69
2050179_2014J,0.883333333
2067377_2014J,0.832222222
2070517_2014J,0.974444444
2078353_2014J,0.403333333
2083701_2014J,0.845555556
2084711_2014J,0.908888889
2091230_2014J,0.927777778
2093150_2014J,0.884
2096918_2014J,0.605555556
2101566_2014J,0.33
2112670_2014J,0.6475
2127889_2014J,0.922222222
2133234_2014J,0.75
2137171_2014J,0.793333333
2139273_2014J,0.39
2142055_2014J,0.734
2142516_2014J,0.918
2149324_2014J,0.85
2154220_2014J,0.742
2159868_2014J,0.526666667
2166000_2014J,0.8
2172136_2014J,0.984444444
2178686_2014J,0.916666667
2179304_2014J,0.954
2202076_2014J,0.22
2230407_2014J,0.763333333
2242383_2014J,0.33
2244214_2014J,0.67
2252437_2014J,0.5
2257112_2014J,0.7
2257740_2014J,0.874444444
2268049_2014J,0.83
2274929_2014J,0.44
2277009_2014J,0.62375
2285527_2014J,0.862222222
2289145_2014J,0.751111111
2316201_2014J,0.848888889
2327472_2014J,0.545555556
2333156_2014J,0.981111111
2338535_2014J,0.27
2339333_2014J,0.634
2340786_2014J,0.934444444
2345751_2014J,0.88
2358258_2014J,0.938
2358707_2014J,0.543333333
2361633_2014J,0.886
2366117_2014J,0.988
2367058_2014J,0.946666667
2372788_2014J,0.89
2373648_2014J,0.56
2376512_2014J,0.767777778
2383983_2014J,0.876666667
2384666_2014J,0.676666667
2388623_2014J,0.445555556
2393945_2014J,0.651111111
2394090_2014J,0.694444444
2396985_2014J,0.548
2405801_2014J,0.44
2405934_2014J,0.345555556
2410609_2014J,0.616666667
2413037_2014J,0.302
2415526_2014J,0.744
2421961_2014J,0.2325
2434666_2014J,0.935555556
2437591_2014J,0.78
2439239_2014J,0.49
2451523_2014J,0.925
2458925_2014J,0.563333333
2462607_2014J,0.902
2462628_2014J,0.38
2462862_2014J,0.56
2464118_2014J,0.72875
2464386_2014J,0.678888889
2469688_2014J,0.845714286
2470326_2014J,0.075
2472995_2014J,0.666666667
2483382_2014J,0.67
2499779_2014J,0.694444444
2500064_2014J,0.418
2517389_2014J,0.855555556
2520539_2014J,0.69
2522932_2014J,0.475
2533650_2014J,0.673333333
2552412_2014J,0.64
2555596_2014J,0.59
2557563_2014J,0.676666667
2558071_2014J,0.586
2559144_2014J,0.867777778
2564333_2014J,0.526666667
2574909_2014J,0.76
2578004_2014J,0.96
2588294_2014J,0.44
2590948_2014J,0.73
2593689_2014J,0.697142857
2593755_2014J,0.593333333
2593920_2014J,0.786666667
2595204_2014J,0.344285714
2596553_2014J,0.818
2598631_2014J,0.56
2598961_2014J,0.956666667
2599883_2014J,0.968888889
2609069_2014J,0.46
2613746_2014J,0.912
2614093_2014J,0.778888889
2619025_2014J,0.79
2620661_2014J,0.74875
2622441_2014J,0.672857143
2622627_2014J,0.83
2623427_2014J,0.54
2627491_2014J,0.91
2630469_2014J,0.56
2637000_2014J,0.22
2637912_2014J,0.8625
2647893_2014J,0.976666667
2650741_2014J,0.63125
2655763_2014J,0.2925
2658314_2014J,0.702222222
2668106_2014J,0.868888889
2681198_2014J,0.4325
2686712_2014J,0.751666667
2689013_2014J,0.653333333
2691267_2014J,0.8725
2691861_2014J,0.676666667