35355_2013J,0.835
42638_2013J,0.8075
43564_2013J,0.9275
54062_2013J,0.89
63112_2013J,0.87
66713_2013J,0.765
70214_2013J,0.48
76579_2013J,0.69
88568_2013J,0.8975
96873_2013J,0.92
105168_2013J,0.875
107339_2013J,0.9675
113698_2013J,0.61
113824_2013J,0.76
117197_2013J,0.8875
126337_2013J,0.646666667
128929_2013J,0.9225
132123_2013J,0.895
134982_2013J,0.65
140060_2013J,0.885
140518_2013J,0.92
143711_2013J,0.8925
144448_2013J,0.94
146974_2013J,0.75
153788_2013J,0.665
160536_2013J,0.8825
164968_2013J,0.9125
165509_2013J,0.723333333
173710_2013J,0.9025
173834_2013J,0.9225
174010_2013J,0.85
176086_2013J,0.68
188273_2013J,0.9225
189629_2013J,0.696666667
191000_2013J,0.826666667
195234_2013J,0.56
197486_2013J,0.75
200095_2013J,0.89
202677_2013J,0.7025
205425_2013J,0.9475
227192_2013J,0.7725
233311_2013J,0.935
233771_2013J,0.8525
234311_2013J,0.785
242778_2013J,0.825
242858_2013J,0.9
245316_2013J,0.875
245494_2013J,0.855
245605_2013J,0.915
246060_2013J,0.9975
250047_2013J,0.8725
259662_2013J,0.8175
265769_2013J,0.7975
266915_2013J,0.59
269764_2013J,0.626666667
270638_2013J,0.7525
275162_2013J,0.815
280017_2013J,0.7325
281656_2013J,0.95
283133_2013J,0.9275
286262_2013J,0.78
286527_2013J,0.576666667
288282_2013J,0.78
290382_2013J,0.935
297853_2013J,0.9575
300592_2013J,0.71
305036_2013J,0.6625
305783_2013J,0.9175
306150_2013J,0.67
311845_2013J,0.94
313501_2013J,0.8675
324332_2013J,0.81
328844_2013J,0.8075
328942_2013J,0.92
329673_2013J,0.855
330530_2013J,0.575
333493_2013J,0.79
333976_2013J,0.7
334154_2013J,0.79
336402_2013J,0.8725
338894_2013J,0.645
339640_2013J,0.905
339785_2013J,0.75
342962_2013J,0.7375
343543_2013J,0.9275
344676_2013J,0.7175
347518_2013J,0.895
348351_2013J,0.76
348655_2013J,0.703333333
356568_2013J,0.85
363939_2013J,0.8225
365222_2013J,0.75
365762_2013J,0.475
368483_2013J,0.66
369119_2013J,0.635
374192_2013J,0.91
374739_2013J,0.52
378920_2013J,0.9325
379528_2013J,0.5875
384797_2013J,0.8
387537_2013J,0.71
387648_2013J,0.9325
388912_2013J,0.83
388923_2013J,0.8925
390029_2013J,0.865
391466_2013J,0.785
392994_2013J,0.9625
394060_2013J,0.67
396631_2013J,0.69
397149_2013J,0.4675
397557_2013J,0.475
397797_2013J,0.57
398877_2013J,0.785
401011_2013J,0.77
401296_2013J,0.855
404050_2013J,0.79
404449_2013J,0.7225
406121_2013J,0.84
406549_2013J,0.75
407453_2013J,0.8725
407876_2013J,0.49
412911_2013J,0.705
413702_2013J,0.46
416420_2013J,0.83
417724_2013J,0.8525
418900_2013J,0.7775
419223_2013J,0.885
420173_2013J,0.96
425274_2013J,0.55
425714_2013J,0.66
427413_2013J,0.93
431014_2013J,0.7325
434562_2013J,0.955
434759_2013J,0.87
435277_2013J,0.87
438283_2013J,0.71
440610_2013J,0.8825
441540_2013J,0.9025
441858_2013J,0.923333333
442807_2013J,0.8325
442937_2013J,0.89
443181_2013J,0.8025
444403_2013J,0.775
445972_2013J,0.98
446324_2013J,0.9275
446397_2013J,0.87
465392_2013J,0.8875
465564_2013J,0.875
465619_2013J,0.8325
465777_2013J,0.6525
465845_2013J,0.92
466961_2013J,0.9125
467302_2013J,0.8925
468902_2013J,0.8275
469113_2013J,0.9
469281_2013J,0.815
469959_2013J,0.75
470534_2013J,0.825
471580_2013J,0.8675
472087_2013J,0.88
472290_2013J,0.8675
472336_2013J,0.83
472857_2013J,0.605
473706_2013J,0.91
473739_2013J,0.8325
473943_2013J,0.53
475370_2013J,0.9075
475893_2013J,0.6375
478212_2013J,0.6125
478435_2013J,0.66
478562_2013J,0.725
479753_2013J,0.755
480115_2013J,0.8475
482012_2013J,0.896666667
482406_2013J,0.766666667
482726_2013J,0.8825
483108_2013J,0.83
483706_2013J,0.8075
485374_2013J,0.7175
485582_2013J,0.7475
485898_2013J,0.83
485909_2013J,0.615
486545_2013J,0.8525
486964_2013J,0.62
487588_2013J,0.91
487621_2013J,0.895
490081_2013J,0.955
490768_2013J,0.9075
491578_2013J,0.6825
491771_2013J,0.7225
493876_2013J,0.765
493988_2013J,0.9425
494211_2013J,0.8575
495887_2013J,0.8975
499400_2013J,0.87
499881_2013J,0.635
500189_2013J,0.935
500779_2013J,0.8675
501918_2013J,0.605
501921_2013J,0.865
502393_2013J,0.9175
502833_2013J,0.606666667
504404_2013J,0.8925
504492_2013J,0.905
505700_2013J,0.71
505722_2013J,0.8225
505727_2013J,0.8975
506504_2013J,0.6125
506618_2013J,0.845
507375_2013J,0.8275
507844_2013J,0.833333333
508244_2013J,0.7925
508829_2013J,0.553333333
509156_2013J,0.69
510169_2013J,0.71
510401_2013J,0.83
510460_2013J,0.8925
510694_2013J,0.74
515774_2013J,0.91
515821_2013J,0.655
516047_2013J,0.72
519684_2013J,0.9075
522484_2013J,0.8675
522994_2013J,0.565
523169_2013J,0.79
524631_2013J,0.55
525246_2013J,0.6
525703_2013J,0.805
526073_2013J,0.7525
528021_2013J,0.95
528083_2013J,0.8475
529509_2013J,0.71
529512_2013J,0.8075
530172_2013J,0.68
530360_2013J,0.815
530765_2013J,0.72
531097_2013J,0.72
532491_2013J,0.8625
533012_2013J,0.575
533311_2013J,0.945
534371_2013J,0.93
535259_2013J,0.86
537929_2013J,0.795
538040_2013J,0.866666667
538887_2013J,0.9225
539063_2013J,0.9225
539695_2013J,0.26
539990_2013J,0.706666667
541040_2013J,0.58
541174_2013J,0.74
543417_2013J,0.6525
543474_2013J,0.7225
544383_2013J,0.9075
544791_2013J,0.6675
545740_2013J,0.8875
545758_2013J,0.785
546604_2013J,0.6975
547173_2013J,0.8925
547424_2013J,0.7975
548861_2013J,0.6275
548992_2013J,0.605
548994_2013J,0.9
549262_2013J,0.75
549681_2013J,0.5275
549960_2013J,0.905
550025_2013J,0.7675
550059_2013J,0.97
550393_2013J,0.725
551017_2013J,0.66
551430_2013J,0.516666667
552485_2013J,0.97
552795_2013J,0.813333333
553568_2013J,0.88
553943_2013J,0.76
554052_2013J,0.96
554132_2013J,0.63
554235_2013J,0.48
554459_2013J,0.75
554583_2013J,0.81
555228_2013J,0.725
555447_2013J,0.8425
556109_2013J,0.8575
556177_2013J,0.7875
556211_2013J,0.86
556231_2013J,0.7775
556521_2013J,0.8025
556645_2013J,0.8225
556709_2013J,0.835
557147_2013J,0.55
557415_2013J,0.885
557490_2013J,0.39
558054_2013J,0.915
558444_2013J,0.593333333
558463_2013J,0.763333333
559551_2013J,0.79
559617_2013J,0.8225
559758_2013J,0.723333333
559912_2013J,0.8125
560326_2013J,0.47
560502_2013J,0.646666667
560723_2013J,0.7325
560734_2013J,1
560784_2013J,0.9275
560876_2013J,0.75
560928_2013J,0.87
561054_2013J,0.44
561192_2013J,0.7775
561208_2013J,0.6525
561519_2013J,0.63
561826_2013J,0.7925
563418_2013J,0.9125
563666_2013J,0.605
563967_2013J,0.75
564700_2013J,0.8925
564714_2013J,0.8125
564894_2013J,0.915
565561_2013J,0.79
565883_2013J,0.8475
566071_2013J,0.71
566201_2013J,0.705
566310_2013J,0.86
566664_2013J,0.7825
567752_2013J,0.86
567779_2013J,0.57
567950_2013J,0.67
568813_2013J,0.91
569342_2013J,0.8025
569358_2013J,0.6675
569560_2013J,0.86
569694_2013J,0.8975
569706_2013J,0.7125
570377_2013J,0.695
570414_2013J,0.725
570448_2013J,0.6
570453_2013J,0.6475
570488_2013J,0.743333333
570626_2013J,0.8125
571186_2013J,0.8075
571443_2013J,0.91
571448_2013J,0.825
571595_2013J,0.685
571610_2013J,0.865
571620_2013J,0.7975
571686_2013J,0.9375
571818_2013J,0.8675
571992_2013J,0.64
572024_2013J,0.73
572080_2013J,0.74
572154_2013J,0.855
572168_2013J,0.926666667
572279_2013J,0.51
572303_2013J,0.895
572396_2013J,0.855
572515_2013J,0.915
572570_2013J,0.8975
572602_2013J,0.9
572891_2013J,0.81
572944_2013J,0.4
573153_2013J,0.8275
573200_2013J,0.8725
573214_2013J,0.8225
573292_2013J,0.81
573336_2013J,0.8975
573377_2013J,0.85
573440_2013J,0.9175
573462_2013J,0.555
573550_2013J,0.676666667
573593_2013J,0.7475
573662_2013J,0.7725
573701_2013J,0.5
573742_2013J,0.7575
573920_2013J,0.8325
574038_2013J,0.815
574259_2013J,0.845
574507_2013J,0.82
574586_2013J,0.935
574608_2013J,0.9275
574830_2013J,0.9425
574983_2013J,0.485
575047_2013J,0.7775
575166_2013J,0.8575
575241_2013J,0.84
575318_2013J,0.65
575336_2013J,0.8175
575343_2013J,0.82
575401_2013J,0.845
575419_2013J,0.64
575545_2013J,0.793333333
575553_2013J,0.79
575601_2013J,0.75
575703_2013J,0.82
575733_2013J,0.8575
575745_2013J,0.8625
575762_2013J,0.6975
575763_2013J,0.7625
575764_2013J,0.9075
576036_2013J,0.8475
576191_2013J,0.8625
576292_2013J,0.5
576405_2013J,0.935
576439_2013J,0.8375
576516_2013J,0.835
576606_2013J,0.88
576750_2013J,0.82
576909_2013J,0.895
576962_2013J,0.835
577148_2013J,0.56
577235_2013J,0.8125
577427_2013J,0.94
577551_2013J,0.73
577560_2013J,0.35
577686_2013J,0.8425
577735_2013J,0.8225
577784_2013J,0.8575
577995_2013J,0.945
578000_2013J,0.8375
578034_2013J,0.905
578056_2013J,0.6275
578438_2013J,0.8925
578450_2013J,0.4975
578623_2013J,0.785
578654_2013J,0.556666667
578725_2013J,0.285
578736_2013J,0.5675
578820_2013J,0.795
579011_2013J,0.82
579027_2013J,0.865
579130_2013J,0.795
579340_2013J,0.87
579343_2013J,0.92
579723_2013J,0.5825
580372_2013J,0.77
580689_2013J,0.765
580719_2013J,0.9525
580774_2013J,0.805
580970_2013J,0.85
581011_2013J,0.89
581123_2013J,0.825
581179_2013J,0.72
581234_2013J,0.88
581340_2013J,0.88
581438_2013J,0.9125
581439_2013J,0.83
581533_2013J,0.81
581708_2013J,0.7175
581716_2013J,0.8125
581744_2013J,0.835
581914_2013J,0.5525
582087_2013J,0.84
582514_2013J,0.6825
582723_2013J,0.855
582768_2013J,0.58
582827_2013J,0.6275
582913_2013J,0.8725
583032_2013J,0.94
583052_2013J,0.8675
583186_2013J,0.535
583192_2013J,0.7875
583238_2013J,0.935
583714_2013J,0.68
583839_2013J,0.78
583855_2013J,0.86
583933_2013J,0.5825
584191_2013J,0.9275
584386_2013J,0.8225
584414_2013J,0.9125
584443_2013J,0.9375
584553_2013J,0.815
584567_2013J,0.56
584923_2013J,0.92
585011_2013J,0.935
585279_2013J,0.87
585433_2013J,0.8225
585455_2013J,0.9025
585464_2013J,0.8725
585471_2013J,0.9225
585681_2013J,0.923333333
585769_2013J,0.88
585837_2013J,0.8875
586046_2013J,0.8375
586047_2013J,0.9275
586132_2013J,0.906666667
586137_2013J,0.8925
586236_2013J,0.82
586261_2013J,0.8775
586473_2013J,0.656666667
586476_2013J,0.925
586621_2013J,0.7075
586668_2013J,0.83
586716_2013J,0.79
586750_2013J,0.78
586838_2013J,0.8775
586921_2013J,0.905
586962_2013J,0.81
586979_2013J,0.825
587014_2013J,0.693333333
587122_2013J,0.866666667
587319_2013J,0.8825
587346_2013J,0.59
587382_2013J,0.72
587547_2013J,0.72
587616_2013J,0.705
587621_2013J,0.7075
587677_2013J,0.81
587682_2013J,0.8925
587714_2013J,0.855
587884_2013J,0.795
587906_2013J,0.9875
587911_2013J,0.8325
588125_2013J,0.8675
588231_2013J,0.7525
588280_2013J,0.9125
588402_2013J,0.9275
588442_2013J,0.645
588502_2013J,0.8925
588524_2013J,0.895
588628_2013J,0.8775
588676_2013J,0.7975
588710_2013J,0.805
588835_2013J,0.365
588942_2013J,0.785
589018_2013J,0.59
589055_2013J,0.5
589211_2013J,0.7825
589327_2013J,0.82
589380_2013J,0.885
589506_2013J,0.53
589517_2013J,0.95
589856_2013J,0.97
589894_2013J,0.765
589902_2013J,0.89
590017_2013J,0.895
590626_2013J,0.7125
590744_2013J,0.775
590877_2013J,0.8925
590882_2013J,0.7625
590961_2013J,0.735
591021_2013J,0.925
591165_2013J,0.87
591375_2013J,0.965
591388_2013J,0.9
591424_2013J,0.915
591566_2013J,0.765
591719_2013J,0.86
591869_2013J,0.7475
591942_2013J,0.86
591944_2013J,0.666666667
591958_2013J,0.965
591995_2013J,0.8375
592003_2013J,0.9
592051_2013J,0.6775
592172_2013J,0.47
592250_2013J,0.8525
592609_2013J,0.9275
592787_2013J,0.8625
592791_2013J,0.555
592842_2013J,0.95
592895_2013J,0.92
592961_2013J,0.9775
592997_2013J,0.715
593362_2013J,0.68
593400_2013J,0.57
593487_2013J,0.7775
593534_2013J,0.5725
593587_2013J,0.795
593787_2013J,0.38
593924_2013J,0.8875
594111_2013J,0.6375
594157_2013J,0.89
594199_2013J,0.915
594233_2013J,0.92
594246_2013J,0.86
594399_2013J,0.765
594431_2013J,0.9225
594452_2013J,0.42
594517_2013J,0.81
594602_2013J,0.58
594864_2013J,0.79
594976_2013J,0.8375
595182_2013J,0.8975
595189_2013J,0.965
595244_2013J,0.91
595492_2013J,0.825
595553_2013J,0.945
595781_2013J,0.825
595938_2013J,0.84
596002_2013J,0.8625
596319_2013J,0.88
596321_2013J,0.71
596361_2013J,0.885
596432_2013J,0.74
596526_2013J,0.79
596614_2013J,0.485
596676_2013J,0.95
596789_2013J,0.745
596812_2013J,0.895
596931_2013J,0.6425
597206_2013J,0.825
597319_2013J,0.66
597335_2013J,0.645
597363_2013J,0.815
597376_2013J,0.78
597459_2013J,0.735
597573_2013J,0.42
597948_2013J,0.8975
598028_2013J,0.835
598074_2013J,0.8825
598321_2013J,0.93
598662_2013J,0.9475
598809_2013J,0.6
598819_2013J,0.94
598963_2013J,0.9075
598973_2013J,0.96
599176_2013J,0.835
599284_2013J,0.6
599452_2013J,0.58
599478_2013J,0.74
599479_2013J,0.7
599542_2013J,0.87
599588_2013J,0.86
599768_2013J,0.8075
599893_2013J,0.94
599902_2013J,0.8675
599942_2013J,0.503333333
599958_2013J,0.935
600071_2013J,0.75
600127_2013J,0.66
600142_2013J,0.515
600187_2013J,0.8625
600198_2013J,0.9275
600335_2013J,0.8275
600350_2013J,0.91
600509_2013J,0.75
600547_2013J,0.923333333
600816_2013J,0.77
600869_2013J,0.716666667
600916_2013J,0.723333333
600938_2013J,0.705
600945_2013J,0.97
601175_2013J,0.795
601182_2013J,0.92
601224_2013J,0.91
601407_2013J,0.14
601433_2013J,0.603333333
601653_2013J,0.675
601757_2013J,0.965
601827_2013J,0.6875
601873_2013J,0.8625
602007_2013J,0.95
602133_2013J,0.86
602233_2013J,0.925
602268_2013J,0.8775
602269_2013J,0.805
602275_2013J,0.85
602288_2013J,0.8625
602389_2013J,0.5175
602398_2013J,0.93
602424_2013J,0.7325
602663_2013J,0.8625
602703_2013J,0.93
602718_2013J,0.9
602816_2013J,0.64
602827_2013J,0.92
603222_2013J,0.8675
603309_2013J,0.8375
603455_2013J,0.9175
603477_2013J,0.8525
603503_2013J,0.86
603565_2013J,0.593333333
603639_2013J,0.895
604050_2013J,0.77
604378_2013J,0.915
604393_2013J,0.88
604517_2013J,0.8325
604685_2013J,0.8925
604906_2013J,0.7525
605111_2013J,0.8375
605180_2013J,0.8075
605264_2013J,0.78
605361_2013J,0.9025
605480_2013J,0.765
605545_2013J,0.81
605587_2013J,0.79
605908_2013J,0.74
606047_2013J,0.91
606206_2013J,0.91
606373_2013J,0.77
606724_2013J,0.93
606743_2013J,0.5525
606918_2013J,0.885
607060_2013J,0.44
607085_2013J,0.8175
607143_2013J,0.8275
607178_2013J,0.8275
607600_2013J,0.885
607609_2013J,0.7
607636_2013J,0.885
607814_2013J,0.755
607835_2013J,0.905
607947_2013J,0.945
608024_2013J,0.77
608130_2013J,0.6475
608243_2013J,0.9825
608459_2013J,0.713333333
608504_2013J,0.8675
608744_2013J,0.7975
608884_2013J,0.53
609025_2013J,0.9525
609192_2013J,0.7125
609527_2013J,0.9525
609583_2013J,0.8
609682_2013J,0.8275
609748_2013J,0.8
610025_2013J,0.77
610158_2013J,0.7075
610188_2013J,0.9275
610453_2013J,0.92
610503_2013J,0.7575
610549_2013J,0.82
610575_2013J,0.985
610855_2013J,0.8175
610873_2013J,0.8075
610888_2013J,0.65
610979_2013J,0.655
611033_2013J,0.8775
611049_2013J,0.8975
611062_2013J,0.9425
611202_2013J,0.8925
611206_2013J,0.65
611255_2013J,0.945
611344_2013J,0.8675
611402_2013J,0.9
611561_2013J,0.835
611564_2013J,0.83
611639_2013J,0.4125
612048_2013J,0.705
612177_2013J,0.845
612183_2013J,0.87
612187_2013J,0.8475
612191_2013J,0.87
612199_2013J,0.9
943374_2013J,0.81
965763_2013J,0.7875
991843_2013J,0.955
1053702_2013J,0.9125
1073766_2013J,0.865
1487084_2013J,0.755
1529371_2013J,0.94
1541906_2013J,0.826666667
1561750_2013J,0.9525
1567505_2013J,0.795
1622944_2013J,0.9
1638548_2013J,0.863333333
1667346_2013J,0.9125
1725109_2013J,0.975
1762336_2013J,0.83
1781834_2013J,0.925
1850818_2013J,0.5825
1861793_2013J,0.9925
1896088_2013J,0.855
1902240_2013J,0.945
1915408_2013J,0.8075
1924641_2013J,0.6725
1930644_2013J,0.7625
1951925_2013J,0.81
1954230_2013J,0.845
1976350_2013J,0.8475
1991903_2013J,0.8925
1993955_2013J,0.7075
1994610_2013J,0.895
1995239_2013J,0.82
1995532_2013J,0.9
2028474_2013J,0.86
2033951_2013J,0.8475
2046324_2013J,0.81
2056643_2013J,0.86
2080916_2013J,0.95
2094849_2013J,0.69
2109119_2013J,0.9
2134237_2013J,0.8075
2134304_2013J,0.6625
2137413_2013J,0.8
2138146_2013J,0.8
2171834_2013J,0.9525
2187588_2013J,0.89
2199455_2013J,0.915
2252437_2013J,0.76
2255516_2013J,0.915
2274938_2013J,0.855
2326597_2013J,0.666666667
2331750_2013J,0.92
2389754_2013J,0.7
2408307_2013J,0.9225
2418732_2013J,0.905
2435726_2013J,0.8675
2451726_2013J,0.7725
2474006_2013J,0.7375
2474995_2013J,0.7975
2485655_2013J,0.855
2487990_2013J,0.89
2505299_2013J,0.91
2537898_2013J,0.82
2542645_2013J,0.773333333
2562704_2013J,0.73
2564333_2013J,0.78
2569834_2013J,0.833333333
2574909_2013J,0.5725
2588201_2013J,0.8275
2590189_2013J,0.655
2598509_2013J,0.82
2598961_2013J,0.9575
2604856_2013J,0.705
2607824_2013J,0.8975
2608828_2013J,0.8975
2615849_2013J,0.835
2616950_2013J,0.8775
2617635_2013J,0.7925
2619025_2013J,0.86
2623263_2013J,0.95
2623960_2013J,0.76
2625693_2013J,0.915
2634238_2013J,0.67
2641254_2013J,0.6975
2641364_2013J,0.8025
2657915_2013J,0.885
2681277_2013J,0.94
2698535_2013J,0.5425
25150_2014B,0.8425
27780_2014B,0.6
29639_2014B,0.8375
29820_2014B,0.815
35340_2014B,0.7975
35508_2014B,0.935
64296_2014B,0.97
70537_2014B,0.8075
83219_2014B,0.855
128971_2014B,0.845
135330_2014B,0.88
144745_2014B,0.8725
148282_2014B,0.46
156594_2014B,0.8025
158831_2014B,0.7775
165376_2014B,0.673333333
167791_2014B,0.8875
170936_2014B,0.656666667
171334_2014B,0.97
182400_2014B,0.3925
185057_2014B,0.775
186476_2014B,0.8175
188260_2014B,0.79
188662_2014B,0.8675
193163_2014B,0.6275
197730_2014B,0.833333333
198902_2014B,0.66
231019_2014B,0.465
231339_2014B,0.915
234559_2014B,0.645
237934_2014B,0.51
244166_2014B,0.5475
244977_2014B,0.93
247819_2014B,0.8775
248818_2014B,0.9275
256867_2014B,0.8725
266040_2014B,0.71
267961_2014B,0.905
274218_2014B,0.885
278786_2014B,0.68
285170_2014B,0.843333333
289397_2014B,0.816666667
291674_2014B,0.9575
293686_2014B,0.9625
308391_2014B,0.52
324257_2014B,0.726666667
329455_2014B,0.89
335355_2014B,0.81
338854_2014B,0.635
342957_2014B,0.8725
353368_2014B,0.803333333
353953_2014B,0.8625
359460_2014B,0.79
366424_2014B,0.785
368306_2014B,0.5925
372812_2014B,0.77
380921_2014B,0.7225
382910_2014B,0.825
383239_2014B,0.91
389267_2014B,0.8925
393488_2014B,0.643333333
410810_2014B,0.8575
411381_2014B,0.405
413891_2014B,0.463333333
417547_2014B,0.75
420333_2014B,0.7025
421111_2014B,0.4225
424978_2014B,0.8525
426316_2014B,0.83
426616_2014B,0.64
437971_2014B,0.96
441852_2014B,0.8775
443948_2014B,0.8675
444197_2014B,0.8725
444349_2014B,0.755
446077_2014B,0.605
447235_2014B,0.8725
464724_2014B,0.785
467144_2014B,0.836666667
469761_2014B,0.905
469861_2014B,0.95
471018_2014B,0.85
474628_2014B,0.8925
474674_2014B,0.78
475497_2014B,0.715
478550_2014B,0.885
478791_2014B,0.9475
479607_2014B,0.6
480928_2014B,0.43
481618_2014B,0.965
485920_2014B,0.735
486836_2014B,0.815
487239_2014B,0.82
490587_2014B,0.62
490662_2014B,0.75
492403_2014B,0.705
494427_2014B,0.8575
494872_2014B,0.71
496108_2014B,0.72
497361_2014B,0.866666667
497580_2014B,0.87
502640_2014B,0.29
502929_2014B,0.6525
503872_2014B,0.3875
504062_2014B,0.78
504652_2014B,0.645
504728_2014B,0.835
505767_2014B,0.865
505855_2014B,0.9275
510266_2014B,0.935
511199_2014B,0.6275
511657_2014B,0.86
513672_2014B,0.92
515125_2014B,0.5375
516238_2014B,0.9425
518116_2014B,0.27
519258_2014B,0.6225
520824_2014B,0.44
522525_2014B,0.8325
523061_2014B,0.6175
524386_2014B,0.92
525332_2014B,0.7525
526051_2014B,0.8725
527771_2014B,0.96
529304_2014B,0.823333333
531845_2014B,0.37
532531_2014B,0.64
538102_2014B,0.933333333
540509_2014B,0.93
541003_2014B,0.86
541999_2014B,0.8
542050_2014B,0.795
542524_2014B,0.8425
543475_2014B,0.8575
543924_2014B,0.9
543948_2014B,0.9075
544052_2014B,0.845
544295_2014B,0.84
547685_2014B,0.655
548261_2014B,0.525
548992_2014B,0.44
549401_2014B,0.5
550357_2014B,0.7825
550812_2014B,0.7825
552067_2014B,0.89
555022_2014B,0.8675
555756_2014B,0.925
557700_2014B,0.8075
558122_2014B,0.56
559518_2014B,0.603333333
559977_2014B,0.73
561271_2014B,0.63
561363_2014B,0.8175
561559_2014B,0.8675
561774_2014B,0.9325
562825_2014B,0.883333333
563230_2014B,0.9175
565838_2014B,0.94
566337_2014B,0.153333333
566422_2014B,0.8425
566871_2014B,0.88
571025_2014B,0.68
571128_2014B,0.81
571233_2014B,0.7575
571389_2014B,0.89
571789_2014B,0.81
571963_2014B,0.85
573558_2014B,0.87
574508_2014B,0.81
574523_2014B,0.9275
574637_2014B,0.8975
575162_2014B,0.715
575473_2014B,0.635
575777_2014B,0.76
576876_2014B,0.91
577245_2014B,0.82
577460_2014B,0.8725
577562_2014B,0.7575
578541_2014B,0.6175
578634_2014B,0.825
578958_2014B,0.5975
581257_2014B,0.92
581269_2014B,0.73
581676_2014B,0.8925
582094_2014B,0.835
583968_2014B,0.885
584698_2014B,0.66
585393_2014B,0.945
585397_2014B,0.8725
585662_2014B,0.9
587323_2014B,0.783333333
588274_2014B,0.9725
588765_2014B,0.925
589033_2014B,0.8025
589223_2014B,0.775
589260_2014B,0.8975
589828_2014B,0.6225
591398_2014B,0.935
592372_2014B,0.6575
592593_2014B,0.715
592666_2014B,0.7325
593123_2014B,0.75
593733_2014B,0.9275
594131_2014B,0.64
594684_2014B,0.93
595100_2014B,0.9
595356_2014B,0.48
595808_2014B,0.5325
595992_2014B,0.775
596347_2014B,0.81
596947_2014B,0.77
597909_2014B,0.5175
599056_2014B,0.7525
599263_2014B,0.586666667
599341_2014B,0.8925
599554_2014B,0.7275
599937_2014B,0.75
600181_2014B,0.725
600623_2014B,0.95
600801_2014B,0.695
600814_2014B,0.845
600987_2014B,0.8225
601043_2014B,0.7925
601054_2014B,0.75
601211_2014B,0.9625
601386_2014B,0.9275
602107_2014B,0.8
602150_2014B,0.98
602721_2014B,0.95
603531_2014B,0.853333333
603832_2014B,0.77
604172_2014B,0.9375
604270_2014B,0.835
604337_2014B,0.695
604502_2014B,0.8425
604571_2014B,0.806666667
604789_2014B,0.825
605367_2014B,0.8475
605688_2014B,0.8825
606127_2014B,0.816666667
606182_2014B,0.7775
607413_2014B,0.76
607570_2014B,0.41
608152_2014B,0.6675
609383_2014B,0.935
609450_2014B,0.686666667
609645_2014B,0.79
610234_2014B,0.905
610287_2014B,0.785
610684_2014B,0.7275
610927_2014B,0.905
611024_2014B,0.8875
611407_2014B,0.865
611502_2014B,0.87
611999_2014B,0.743333333
612023_2014B,0.516666667
612127_2014B,0.77
612327_2014B,0.935
612397_2014B,0.805
612449_2014B,0.875
612644_2014B,0.905
612673_2014B,0.67
612882_2014B,0.9
613091_2014B,0.825
613122_2014B,0.7975
613133_2014B,0.9275
613213_2014B,0.9425
613501_2014B,0.61
613790_2014B,0.725
614234_2014B,0.8525
614245_2014B,0.8325
614754_2014B,0.8225
614952_2014B,0.4
615229_2014B,0.905
615242_2014B,0.355
616386_2014B,0.84
616407_2014B,0.915
616439_2014B,0.6925
616700_2014B,0.92
616708_2014B,0.96
616831_2014B,0.8775
616927_2014B,0.91
617355_2014B,0.83
617365_2014B,0.8875
617418_2014B,0.816666667
617455_2014B,0.653333333
617531_2014B,0.67
618078_2014B,0.5175
618571_2014B,0.8375
618583_2014B,0.86
618606_2014B,0.56
618619_2014B,0.87
618777_2014B,0.92
618824_2014B,0.85
618982_2014B,0.72
619006_2014B,0.72
619014_2014B,0.85
619292_2014B,0.9625
619369_2014B,0.93
619380_2014B,0.865
619503_2014B,0.73
619927_2014B,0.9675
619928_2014B,0.975
620215_2014B,0.7125
620369_2014B,0.845
620414_2014B,0.65
620646_2014B,0.803333333
620716_2014B,0.9075
620876_2014B,0.63
620916_2014B,0.64
620977_2014B,0.885
621414_2014B,0.5875
621655_2014B,0.7225
621906_2014B,0.6925
622015_2014B,0.843333333
622037_2014B,0.7675
622280_2014B,0.74
622368_2014B,0.83
622425_2014B,0.8425
622609_2014B,0.7
622812_2014B,0.91
622948_2014B,0.795
623079_2014B,0.965
623100_2014B,0.89
623115_2014B,0.81
623184_2014B,0.97
623250_2014B,0.86
623421_2014B,0.79
623562_2014B,0.9025
623609_2014B,0.54
623667_2014B,0.9125
623738_2014B,0.8475
623780_2014B,0.8425
623797_2014B,0.665
623864_2014B,0.825
623940_2014B,0.68
624092_2014B,0.785
624126_2014B,0.94
624153_2014B,0.863333333
624266_2014B,0.49
624384_2014B,0.63
624441_2014B,0.91
624469_2014B,0.67
624782_2014B,0.715
625067_2014B,0.855
625126_2014B,0.756666667
625174_2014B,0.895
625213_2014B,0.6825
625476_2014B,0.8475
625527_2014B,0.7825
625541_2014B,0.8725
625740_2014B,0.64
625790_2014B,0.645
625861_2014B,0.92
625901_2014B,0.27
625953_2014B,0.8575
625975_2014B,0.73
626022_2014B,0.8475
626055_2014B,0.61
626183_2014B,0.5125
626296_2014B,0.905
626407_2014B,0.895
626444_2014B,0.61
626494_2014B,0.76
626516_2014B,0.55
626519_2014B,0.8625
626625_2014B,0.8425
626714_2014B,0.905
626749_2014B,0.71
626753_2014B,0.7875
626768_2014B,0.7375
626772_2014B,0.76
626877_2014B,0.95
626998_2014B,0.87
627168_2014B,0.94
627290_2014B,0.43
627387_2014B,0.8675
627390_2014B,0.92
627399_2014B,0.9175
627401_2014B,0.9025
627450_2014B,0.7975
627461_2014B,0.66
627471_2014B,0.92
627500_2014B,0.85
627516_2014B,0.76
627636_2014B,0.725
627711_2014B,0.956666667
627750_2014B,0.87
627907_2014B,0.8625
627961_2014B,0.72
628054_2014B,0.7075
628214_2014B,0.82
628300_2014B,0.8325
628366_2014B,0.88
628527_2014B,0.81
628677_2014B,0.855
628718_2014B,0.646666667
628777_2014B,0.7425
628910_2014B,0.8475
628914_2014B,0.56
628959_2014B,0.896666667
629081_2014B,0.835
629089_2014B,0.766666667
629202_2014B,0.9175
629342_2014B,0.9
629500_2014B,0.865
629506_2014B,0.8375
629601_2014B,0.7225
629627_2014B,0.92
629654_2014B,0.913333333
629753_2014B,0.92
629906_2014B,0.42
630047_2014B,0.925
630086_2014B,0.825
630165_2014B,0.6625
630449_2014B,0.9275
630540_2014B,0.52
630573_2014B,0.59
630585_2014B,0.73
630606_2014B,0.8225
630635_2014B,0.7875
630657_2014B,0.89
630696_2014B,0.575
630722_2014B,0.76
630888_2014B,0.816666667
630900_2014B,0.9075
630980_2014B,0.93
631016_2014B,0.7425
631073_2014B,0.92
631117_2014B,0.885
631334_2014B,0.9175
631356_2014B,0.88
631453_2014B,0.755
631509_2014B,0.81
631655_2014B,0.8425
631807_2014B,0.745
632004_2014B,0.865
632074_2014B,0.83
632083_2014B,0.96
632111_2014B,0.935
632133_2014B,0.715
632135_2014B,0.745
632312_2014B,0.83
632329_2014B,0.65
632376_2014B,0.99
632389_2014B,0.875
632459_2014B,0.7975
632641_2014B,0.785
632700_2014B,0.7975
632800_2014B,0.84
632883_2014B,0.7925
632904_2014B,0.92
632977_2014B,0.7975
633107_2014B,0.8625
633259_2014B,0.94
633270_2014B,0.72
633304_2014B,0.816666667
633310_2014B,0.7625
633334_2014B,0.475
633432_2014B,0.5175
633455_2014B,0.7525
633511_2014B,0.765
633530_2014B,0.886666667
633544_2014B,0.73
633605_2014B,0.72
633634_2014B,0.705
633637_2014B,0.53
633695_2014B,0.9225
633716_2014B,0.685
633746_2014B,0.9275
633998_2014B,0.8375
634040_2014B,0.65
634193_2014B,0.7925
634216_2014B,0.9225
634241_2014B,0.9375
634309_2014B,0.8425
634318_2014B,0.9425
634433_2014B,0.825
634570_2014B,0.8825
634578_2014B,0.923333333
634600_2014B,0.67
634737_2014B,0.7775
634744_2014B,0.85
634817_2014B,0.71
634862_2014B,0.8675
634869_2014B,0.7475
635041_2014B,0.5125
635043_2014B,0.865
635109_2014B,0.8075
635515_2014B,0.76
996047_2014B,0.81
1268772_2014B,0.87
1410398_2014B,0.6775
1457691_2014B,0.836666667
1500950_2014B,0.9175
1573624_2014B,0.755
1618172_2014B,0.835
1644328_2014B,0.97
1661805_2014B,0.9425
1663815_2014B,0.83
1664171_2014B,0.92
1700371_2014B,0.815
1763786_2014B,0.955
1780737_2014B,0.91
1789319_2014B,0.7825
1810414_2014B,0.7175
1839181_2014B,0.8875
1861830_2014B,0.925
1894419_2014B,0.613333333
2002664_2014B,0.8075
2026585_2014B,0.88
2064873_2014B,0.84
2139273_2014B,0.7175
2187588_2014B,0.806666667
2198914_2014B,0.765
2249143_2014B,0.72
2359504_2014B,0.8
2364637_2014B,0.73
2376512_2014B,0.8725
2391004_2014B,0.8525
2434339_2014B,0.9725
2455893_2014B,0.8
2472178_2014B,0.91
2478799_2014B,0.71
2492827_2014B,0.685
2520067_2014B,0.95
2567038_2014B,0.8975
2577893_2014B,0.75
2595665_2014B,0.805
2600862_2014B,0.9
2603195_2014B,0.64
2613219_2014B,0.6925
2620661_2014B,0.72
2632165_2014B,0.7125
2642697_2014B,0.9125
2647314_2014B,0.7575
47061_2014J,0.705
60809_2014J,0.8725
62034_2014J,0.793333333
67539_2014J,0.66
67685_2014J,0.81
70827_2014J,0.62
76579_2014J,0.58
80358_2014J,0.623333333
89545_2014J,0.84
108281_2014J,0.905
108497_2014J,0.7675
110789_2014J,0.5625
121163_2014J,0.9
124304_2014J,0.9
126450_2014J,0.81
128817_2014J,0.66
131776_2014J,0.84
134212_2014J,0.8375
135763_2014J,0.8
142092_2014J,0.955
158708_2014J,0.8875
159287_2014J,0.83
161781_2014J,0.875
162210_2014J,0.92
171843_2014J,0.74
173341_2014J,0.58
175940_2014J,0.796666667
177472_2014J,0.97
189117_2014J,0.8625
190780_2014J,0.9175
191000_2014J,0.826666667
195252_2014J,0.745
195897_2014J,0.93
196132_2014J,0.805
202606_2014J,0.9825
231017_2014J,0.7525
232078_2014J,0.56
233335_2014J,0.76
233685_2014J,0.79
239908_2014J,0.8
241728_2014J,0.98
243926_2014J,0.61
250159_2014J,0.7075
253496_2014J,0.6025
269220_2014J,0.8575
270988_2014J,0.825
274967_2014J,0.7575
284095_2014J,0.8475
285934_2014J,0.9475
286262_2014J,0.745
286527_2014J,0.595
296222_2014J,0.955
298148_2014J,0.885
299707_2014J,0.8675
307953_2014J,0.885
310968_2014J,0.8125
318769_2014J,0.86
318855_2014J,0.46
322641_2014J,0.873333333
332945_2014J,0.9425
333637_2014J,0.675
333976_2014J,0.743333333
336014_2014J,0.955
341010_2014J,0.83
344740_2014J,0.89
345256_2014J,0.855
345288_2014J,0.8375
346093_2014J,0.8925
348288_2014J,0.8475
355049_2014J,0.785
355617_2014J,0.79
356735_2014J,0.9075
360266_2014J,0.96
364322_2014J,0.745
369713_2014J,0.895
369942_2014J,0.8875
372577_2014J,0.3125
378825_2014J,0.82
381185_2014J,0.94
381586_2014J,0.735
381983_2014J,0.635
387944_2014J,0.506666667
391301_2014J,0.796666667
396674_2014J,0.945
398019_2014J,0.823333333
398413_2014J,0.715
401240_2014J,0.9175
402295_2014J,0.923333333
404200_2014J,0.975
404695_2014J,0.6875
405125_2014J,0.8625
407731_2014J,0.6825
408763_2014J,0.8525
410587_2014J,0.93
410592_2014J,0.8825
411619_2014J,0.945
418035_2014J,0.7375
418216_2014J,0.9325
423947_2014J,0.9225
425053_2014J,0.935
425858_2014J,0.78
434347_2014J,0.85
434503_2014J,0.9
436213_2014J,0.82
441385_2014J,0.833333333
441895_2014J,0.8075
442359_2014J,0.885
443200_2014J,0.9225
443498_2014J,0.93
445049_2014J,0.37
447659_2014J,0.63
464780_2014J,0.51
464957_2014J,0.585
465406_2014J,0.7275
466508_2014J,0.6375
466892_2014J,0.9425
469424_2014J,0.9175
470461_2014J,0.6375
472762_2014J,0.9675
474290_2014J,0.85
476438_2014J,0.94
476497_2014J,0.59
479987_2014J,0.7725
480579_2014J,0.76
481787_2014J,0.7725
481884_2014J,0.555
482030_2014J,0.8625
483131_2014J,0.8275
483858_2014J,0.865
490443_2014J,0.685
491170_2014J,0.55
491664_2014J,0.79
494270_2014J,0.92
495429_2014J,0.8875
496530_2014J,0.87
500440_2014J,0.755
502004_2014J,0.6925
502548_2014J,0.8625
506618_2014J,0.79
507967_2014J,0.9
509780_2014J,0.915
510402_2014J,0.8775
515977_2014J,0.8675
517094_2014J,0.9075
520077_2014J,0.895
521541_2014J,0.695
522645_2014J,0.84
523804_2014J,0.81
523872_2014J,0.7575
525217_2014J,0.8125
525625_2014J,0.866666667
529287_2014J,0.63
529670_2014J,0.935
530087_2014J,0.8425
532579_2014J,0.8275
532846_2014J,0.8275
536984_2014J,0.8125
540219_2014J,0.8975
542279_2014J,0.8525
543931_2014J,0.9025
545493_2014J,0.71
547153_2014J,0.96
548807_2014J,0.9125
549922_2014J,0.9025
550573_2014J,0.8225
551182_2014J,0.875
552441_2014J,0.9275
554235_2014J,0.8
554459_2014J,0.52
557229_2014J,0.7425
558509_2014J,0.6925
560707_2014J,0.84
560759_2014J,0.73
560881_2014J,0.685
560921_2014J,0.8225
561208_2014J,0.7325
561413_2014J,0.995
563046_2014J,0.59
563321_2014J,0.85
563534_2014J,0.81
564445_2014J,0.63
564734_2014J,0.895
565275_2014J,0.88
565952_2014J,0.8325
566279_2014J,0.855
566428_2014J,0.726666667
569372_2014J,0.945
569953_2014J,0.9625
570045_2014J,0.9475
570273_2014J,0.925
570491_2014J,0.885
570954_2014J,0.69
572168_2014J,0.926666667
572599_2014J,0.79
573503_2014J,0.98
575066_2014J,0.7225
575411_2014J,0.93
575623_2014J,0.95
578469_2014J,0.835
579052_2014J,0.85
579283_2014J,0.965
580689_2014J,0.765
580798_2014J,0.87
581082_2014J,0.9375
581238_2014J,0.7875
581851_2014J,0.76
581887_2014J,0.6475
582094_2014J,0.905
583288_2014J,0.83
583719_2014J,0.9275
584514_2014J,0.55
584718_2014J,0.8025
585643_2014J,0.6625
585769_2014J,0.88
585852_2014J,0.7775
586474_2014J,0.6875
587008_2014J,0.686666667
587122_2014J,0.866666667
587621_2014J,0.5925
587793_2014J,0.955
588058_2014J,0.62
588474_2014J,0.885
589856_2014J,0.87
590837_2014J,0.6175
591523_2014J,0.945
591761_2014J,0.5875
592047_2014J,0.8925
592338_2014J,0.745
592843_2014J,0.91
593038_2014J,0.82
593896_2014J,0.4725
594629_2014J,0.8225
596326_2014J,0.71
596855_2014J,0.85
597252_2014J,0.79
597732_2014J,0.85
598573_2014J,0.7
599215_2014J,0.5975
599429_2014J,0.746666667
600267_2014J,0.695
600766_2014J,0.97
600898_2014J,0.83
601567_2014J,0.6475
602150_2014J,0.98
602707_2014J,0.895
602830_2014J,0.9025
603108_2014J,0.8175
603179_2014J,0.663333333
604057_2014J,0.9675
605125_2014J,0.62
605129_2014J,0.7975
605294_2014J,0.94
605541_2014J,0.49
605545_2014J,0.81
605836_2014J,0.9675
608488_2014J,0.8425
608853_2014J,0.565
609605_2014J,0.893333333
610275_2014J,0.8775
610287_2014J,0.785
610373_2014J,0.8775
610672_2014J,0.7775
610904_2014J,0.85
611162_2014J,0.8275
611405_2014J,0.93
611961_2014J,0.93
611971_2014J,0.955
613644_2014J,0.58
613953_2014J,0.835
614181_2014J,0.91
614300_2014J,0.9375
614737_2014J,0.64
615429_2014J,0.876666667
616407_2014J,0.915
617309_2014J,0.53
617888_2014J,0.785
619168_2014J,0.765
620343_2014J,0.8675
620519_2014J,0.95
620536_2014J,0.92
620782_2014J,0.81
621380_2014J,0.8225
622129_2014J,0.95
622315_2014J,0.58
622890_2014J,0.93
623467_2014J,0.815
623757_2014J,0.88
623889_2014J,0.8875
623989_2014J,0.9775
624126_2014J,0.94
624222_2014J,0.9275
625288_2014J,0.54
625614_2014J,0.705
625785_2014J,0.8675
625797_2014J,0.5525
626998_2014J,0.74
627283_2014J,0.6825
627312_2014J,0.8725
627935_2014J,0.71
628054_2014J,0.7075
628366_2014J,0.88
628480_2014J,0.76
628717_2014J,0.656666667
628741_2014J,0.7175
628766_2014J,0.9275
629014_2014J,0.8875
629101_2014J,0.8275
629400_2014J,0.835
629535_2014J,0.9275
629642_2014J,0.875
629852_2014J,0.865
629862_2014J,0.8775
630105_2014J,0.7775
630106_2014J,0.81
630519_2014J,0.9025
630541_2014J,0.8775
631113_2014J,0.79
631807_2014J,0.745
631888_2014J,0.65
632626_2014J,0.8825
632635_2014J,0.84
632950_2014J,0.935
633824_2014J,0.9375
633914_2014J,0.88
634094_2014J,0.83
634367_2014J,0.93
634552_2014J,0.85
634721_2014J,0.6875
634776_2014J,0.8575
634879_2014J,0.935
634940_2014J,0.905
634957_2014J,0.4
635325_2014J,0.75
635564_2014J,0.8825
635720_2014J,0.8275
635953_2014J,0.94
636124_2014J,0.9425
636443_2014J,0.79
636467_2014J,0.8375
636996_2014J,0.9125
637123_2014J,0.9575
637401_2014J,0.945
637528_2014J,0.76
637624_2014J,0.675
638018_2014J,0.95
638257_2014J,0.806666667
638604_2014J,0.8225
638970_2014J,0.5775
639012_2014J,0.725
639194_2014J,0.88
639243_2014J,0.746666667
639253_2014J,0.895
640109_2014J,0.59
640307_2014J,0.7975
640439_2014J,0.746666667
640658_2014J,0.3
641116_2014J,0.9725
641195_2014J,0.765
641200_2014J,0.9425
641566_2014J,0.9575
641569_2014J,0.8725
641817_2014J,0.87
641881_2014J,0.65
641899_2014J,0.8775
642066_2014J,0.566666667
642342_2014J,0.915
642396_2014J,0.846666667
642512_2014J,0.655
642591_2014J,0.89
642656_2014J,0.9475
642839_2014J,0.6475
643077_2014J,0.94
643118_2014J,0.95
643168_2014J,0.68
643267_2014J,0.66
643270_2014J,0.8525
643309_2014J,0.86
643404_2014J,0.836666667
643416_2014J,0.87
643434_2014J,0.665
643457_2014J,0.8775
643481_2014J,0.8425
643484_2014J,0.7975
643510_2014J,0.7225
643514_2014J,0.9525
643531_2014J,0.905
643705_2014J,0.9525
643770_2014J,0.835
643771_2014J,0.9
644072_2014J,0.8025
644113_2014J,0.955
644246_2014J,0.9325
644480_2014J,0.745
644514_2014J,0.8225
644742_2014J,0.845
644794_2014J,0.8525
644905_2014J,0.56
645126_2014J,0.92
645170_2014J,0.885
645319_2014J,0.9325
645451_2014J,0.755
645542_2014J,0.885
645557_2014J,0.825
645831_2014J,0.91
645847_2014J,0.9
645889_2014J,0.695
646005_2014J,0.85
646040_2014J,0.825
646070_2014J,0.9475
646071_2014J,0.79
646097_2014J,0.493333333
646109_2014J,0.93
646184_2014J,0.8075
646197_2014J,0.93
646361_2014J,0.91
646363_2014J,0.94
646459_2014J,0.57
646502_2014J,0.666666667
646520_2014J,0.8275
646547_2014J,0.513333333
646581_2014J,0.38
646815_2014J,0.7875
646841_2014J,0.68
646903_2014J,0.725
646998_2014J,0.91
647043_2014J,0.6925
647083_2014J,0.895
647148_2014J,0.7775
647179_2014J,0.785
647217_2014J,0.89
647358_2014J,0.925
647432_2014J,0.57
647466_2014J,0.8175
647645_2014J,0.745
647865_2014J,0.6325
647888_2014J,0.865
647916_2014J,0.745
647919_2014J,0.8425
647983_2014J,0.6975
647988_2014J,0.85
648001_2014J,0.885
648058_2014J,0.46
648090_2014J,0.8775
648091_2014J,0.7875
648136_2014J,0.85
648285_2014J,0.86
648354_2014J,0.8125
648369_2014J,0.9125
648370_2014J,0.865
648422_2014J,0.7775
648436_2014J,0.8525
648469_2014J,0.945
648518_2014J,0.845
648654_2014J,0.63
648687_2014J,0.91
648787_2014J,0.91
648843_2014J,0.7575
648852_2014J,0.255
648902_2014J,0.886666667
648942_2014J,0.555
649001_2014J,0.26
649069_2014J,0.91
649171_2014J,0.9375
649215_2014J,0.7025
649255_2014J,0.94
649339_2014J,0.955
649343_2014J,0.7025
649506_2014J,0.82
649637_2014J,0.8775
649667_2014J,0.91
649713_2014J,0.915
649718_2014J,0.92
649738_2014J,0.9
649843_2014J,0.745
649861_2014J,0.91
649863_2014J,0.96
649935_2014J,0.72
649943_2014J,0.75
650027_2014J,0.875
650145_2014J,0.815
650164_2014J,0.9175
650330_2014J,0.8875
650341_2014J,0.6075
650471_2014J,0.91
650504_2014J,0.86
650533_2014J,0.775
650575_2014J,0.91
650578_2014J,0.59
650592_2014J,0.8725
650666_2014J,0.9075
650734_2014J,0.8825
650752_2014J,0.796666667
650770_2014J,0.855
650816_2014J,0.74
650849_2014J,0.71
650856_2014J,0.985
650926_2014J,0.9375
650927_2014J,0.9
650950_2014J,0.825
650987_2014J,0.825
651015_2014J,0.8425
651155_2014J,0.9
651245_2014J,0.96
651337_2014J,0.8325
651533_2014J,0.98
651534_2014J,0.9425
651635_2014J,0.755
651648_2014J,0.8325
651734_2014J,0.95
651766_2014J,0.7075
651828_2014J,0.9
651850_2014J,0.7525
651930_2014J,0.8925
651933_2014J,0.9675
651935_2014J,0.805
651950_2014J,0.773333333
651995_2014J,0.9525
652054_2014J,0.9
652285_2014J,0.94
652287_2014J,0.855
652302_2014J,0.935
652442_2014J,0.59
652460_2014J,0.785
652476_2014J,0.8575
652501_2014J,0.8775
652861_2014J,0.816666667
652880_2014J,0.8225
652894_2014J,0.87
652902_2014J,0.9525
652971_2014J,0.91
653168_2014J,0.92
653177_2014J,0.28
653210_2014J,0.8725
653248_2014J,0.77
653326_2014J,0.81
653352_2014J,0.54
653360_2014J,0.76
653440_2014J,0.795
653506_2014J,0.69
653587_2014J,0.8825
653665_2014J,0.72
653688_2014J,0.8025
653718_2014J,0.9225
653801_2014J,0.9075
653887_2014J,0.83
653998_2014J,0.685
654031_2014J,0.9025
654125_2014J,0.9
654198_2014J,0.8375
654213_2014J,0.8225
654240_2014J,0.905
654397_2014J,0.895
654464_2014J,0.52
654485_2014J,0.7125
654547_2014J,0.755
654668_2014J,0.8575
654676_2014J,0.8575
654755_2014J,0.47
654801_2014J,0.905
654822_2014J,0.9
654876_2014J,0.53
654891_2014J,0.69
655242_2014J,0.89
655396_2014J,0.7925
655484_2014J,0.72
655498_2014J,0.895
655558_2014J,0.7
655609_2014J,0.7325
655680_2014J,0.9225
655764_2014J,0.9525
655794_2014J,0.95
655865_2014J,0.9425
655869_2014J,0.915
655924_2014J,0.85
655973_2014J,0.803333333
656010_2014J,0.5425
656057_2014J,0.8125
656134_2014J,0.885
656347_2014J,0.755
656446_2014J,0.87
656553_2014J,0.6
656578_2014J,0.78
656815_2014J,0.9175
656854_2014J,0.806666667
656929_2014J,0.47
656954_2014J,0.65
657002_2014J,0.9525
657062_2014J,0.85
657091_2014J,0.16
657128_2014J,0.8625
657194_2014J,0.86
657196_2014J,0.895
657209_2014J,0.943333333
657226_2014J,0.6725
657319_2014J,0.8275
674253_2014J,0.8475
674430_2014J,0.94
674720_2014J,0.81
674747_2014J,0.636666667
674808_2014J,0.786666667
674853_2014J,0.8075
674882_2014J,0.6625
674888_2014J,0.86
674889_2014J,0.8
674941_2014J,0.9075
675162_2014J,0.82
675365_2014J,0.8925
675374_2014J,0.8925
675442_2014J,0.62
675450_2014J,0.925
675495_2014J,0.816666667
675537_2014J,0.745
675663_2014J,0.7925
675773_2014J,0.8825
675840_2014J,0.7425
676084_2014J,0.8475
676333_2014J,0.935
676482_2014J,0.8875
676611_2014J,0.68
676676_2014J,0.8375
676722_2014J,0.92
676724_2014J,0.83
676805_2014J,0.8725
676812_2014J,0.625
676834_2014J,0.9575
677018_2014J,0.9025
677040_2014J,0.91
677049_2014J,0.675
677189_2014J,0.8525
677197_2014J,0.953333333
677232_2014J,0.79
677457_2014J,0.7
677459_2014J,0.815
677631_2014J,0.685
677741_2014J,0.915
677897_2014J,0.74
677900_2014J,0.875
677947_2014J,0.773333333
678015_2014J,0.8725
678026_2014J,0.6175
678194_2014J,0.9325
678267_2014J,0.873333333
678310_2014J,0.94
678341_2014J,0.94
678393_2014J,0.93
678419_2014J,0.8625
678508_2014J,0.9275
678538_2014J,0.8525
678701_2014J,0.8775
678715_2014J,0.7225
678860_2014J,0.896666667
678929_2014J,0.925
678970_2014J,0.9225
679114_2014J,0.7775
679207_2014J,0.865
679541_2014J,0.7475
679569_2014J,0.9075
679631_2014J,0.815
679801_2014J,0.8225
680133_2014J,0.92
680267_2014J,0.7575
680442_2014J,0.97
680483_2014J,0.8775
680644_2014J,0.93
680765_2014J,0.6475
680804_2014J,0.8775
680894_2014J,0.7325
681001_2014J,0.9675
681200_2014J,0.885
681302_2014J,0.7625
681327_2014J,0.8275
681369_2014J,0.925
681379_2014J,0.536666667
681416_2014J,0.7525
681759_2014J,0.82
681861_2014J,0.855
682217_2014J,0.495
682239_2014J,0.88
682259_2014J,0.593333333
682355_2014J,0.89
682717_2014J,0.85
682758_2014J,0.885
683079_2014J,0.8275
683246_2014J,0.68
683270_2014J,0.89
683492_2014J,0.7775
683640_2014J,0.945
683728_2014J,0.95
684050_2014J,0.945
684064_2014J,0.7825
684225_2014J,0.795
684357_2014J,0.95
684473_2014J,0.685
684504_2014J,0.6875
684511_2014J,0.825
684532_2014J,0.8675
684567_2014J,0.89
684610_2014J,0.7525
684669_2014J,0.83
684825_2014J,0.815
684905_2014J,0.8575
684907_2014J,0.8675
684944_2014J,0.86
684967_2014J,0.873333333
685060_2014J,0.785
685152_2014J,0.8425
685176_2014J,0.77
685199_2014J,0.9125
685236_2014J,0.69
685284_2014J,0.8925
685287_2014J,0.9
685292_2014J,0.613333333
685370_2014J,0.86
685487_2014J,0.9075
685499_2014J,0.88
685517_2014J,0.925
685668_2014J,0.955
685804_2014J,0.485
685950_2014J,0.7125
686051_2014J,0.8425
686058_2014J,0.955
686110_2014J,0.79
686287_2014J,0.663333333
686447_2014J,0.8425
686476_2014J,0.813333333
686525_2014J,0.8825
686564_2014J,0.9375
686593_2014J,0.895
686708_2014J,0.7625
686753_2014J,0.9125
686872_2014J,0.9375
686913_2014J,0.6825
687023_2014J,0.6775
687194_2014J,0.72
687242_2014J,0.91
687310_2014J,0.905
687370_2014J,0.7075
687498_2014J,0.98
687563_2014J,0.9025
687574_2014J,0.8925
687757_2014J,0.8375
687766_2014J,0.71
687772_2014J,0.975
687844_2014J,0.9025
687945_2014J,0.865
688118_2014J,0.8825
688133_2014J,0.975
688287_2014J,0.7625
688310_2014J,0.923333333
688404_2014J,0.61
688451_2014J,0.94
688662_2014J,0.945
688683_2014J,0.74
688742_2014J,0.8375
688763_2014J,0.786666667
688870_2014J,0.675
688924_2014J,0.94
688974_2014J,0.63
689161_2014J,0.8725
689217_2014J,0.84
689250_2014J,0.935
689288_2014J,0.8275
689309_2014J,0.756666667
689370_2014J,0.9325
689389_2014J,0.8325
689763_2014J,0.703333333
689786_2014J,0.4875
689840_2014J,0.9275
689983_2014J,0.9075
690016_2014J,0.87
690095_2014J,0.925
690241_2014J,0.8775
690370_2014J,0.7975
690439_2014J,0.39
690507_2014J,0.9325
690525_2014J,0.8725
690553_2014J,0.7825
690586_2014J,0.875
690724_2014J,0.855
690763_2014J,0.5
690917_2014J,0.92
691078_2014J,0.815
691189_2014J,0.8875
691218_2014J,0.735
691248_2014J,0.625
691536_2014J,0.9
691701_2014J,0.5225
691790_2014J,0.8875
691875_2014J,0.8825
691978_2014J,0
692012_2014J,0.9
692354_2014J,0.69
692534_2014J,0.83
692646_2014J,0.7675
692723_2014J,0.98
692924_2014J,0.8975
692928_2014J,0.9125
692991_2014J,0.8225
693069_2014J,0.83
693221_2014J,0.9
693235_2014J,0.8875
693308_2014J,0.7
693416_2014J,0.8075
693478_2014J,0.715
693640_2014J,0.8825
693910_2014J,0.76
693959_2014J,0.8775
694132_2014J,0.8425
694152_2014J,0.73
694218_2014J,0.8225
694246_2014J,0.925
694304_2014J,0.61
694361_2014J,0.8475
694457_2014J,0.73
694548_2014J,0
694571_2014J,0.8525
694579_2014J,0.8775
694589_2014J,0.7725
694680_2014J,0.67
694684_2014J,0.66
694735_2014J,0.875
694779_2014J,0.7725
694854_2014J,0.7925
695094_2014J,0.83
695122_2014J,0.885
695435_2014J,0.915
695638_2014J,0.69
695644_2014J,0.885
695653_2014J,0.74
695668_2014J,0.9
695855_2014J,0.885
695919_2014J,0.7775
695932_2014J,0.766666667
695944_2014J,0.74
696044_2014J,0.87
696128_2014J,0.715
696192_2014J,0.8175
696325_2014J,0.915
696361_2014J,0.93
696485_2014J,0.76
696577_2014J,0.83
696930_2014J,0.49
697041_2014J,0.95
697113_2014J,0.7575
697253_2014J,0.7325
697460_2014J,0.75
697461_2014J,0.9325
697482_2014J,0.79
697658_2014J,0.94
697781_2014J,0.7975
698011_2014J,0.865
698024_2014J,0.51
698092_2014J,0.44
698300_2014J,0.8475
698355_2014J,0.9075
698413_2014J,0.9025
698417_2014J,0.7175
698598_2014J,0.783333333
699134_2014J,0.9425
699135_2014J,0.85
699136_2014J,0.89
699142_2014J,0.825
699170_2014J,0.765
699440_2014J,0.9325
1334225_2014J,0.89
1354095_2014J,0.795
1429504_2014J,0.8575
1483814_2014J,0.9075
1490624_2014J,0.905
1497822_2014J,0.925
1664171_2014J,0.92
1674799_2014J,0.9725
1679610_2014J,0.8725
1797068_2014J,0.85
1841850_2014J,0.745
1878648_2014J,0.925
1895288_2014J,0.9325
1910737_2014J,0.87
1943214_2014J,0.63
2004220_2014J,0.623333333
2024200_2014J,0.97
2050998_2014J,0.73
2065756_2014J,0.86
2067969_2014J,0.8
2072671_2014J,0.736666667
2080916_2014J,0.95
2137785_2014J,0.576666667
2151019_2014J,0.98
2173643_2014J,0.9225
2192061_2014J,0.9525
2204389_2014J,0.9625
2211797_2014J,0.895
2221654_2014J,0.915
2229389_2014J,0.8525
2230251_2014J,0.56
2257400_2014J,0.85
2258124_2014J,0.885
2259662_2014J,0.885
2281441_2014J,0.905
2286544_2014J,0.915
2289071_2014J,0.8375
2290886_2014J,0.85
2297016_2014J,0.945
2338535_2014J,0.683333333
2340230_2014J,0.76
2352407_2014J,0.6825
2355274_2014J,0.705
2410632_2014J,0.825
2427886_2014J,0.765
2436584_2014J,0.85
2437591_2014J,0.9025
2442423_2014J,0.843333333
2453691_2014J,0.9125
2464118_2014J,0.8625
2484189_2014J,0.59
2498614_2014J,0.84
2533383_2014J,0.8875
2535666_2014J,0.805
2538792_2014J,0.906666667
2542182_2014J,0.9
2550960_2014J,0.76
2579558_2014J,0.54
2592973_2014J,0.875
2599179_2014J,0.9225
2622627_2014J,0.905
2626779_2014J,0.8975
2627992_2014J,0.9325
2637000_2014J,0.593333333
2639115_2014J,0.8325
2644404_2014J,0.7875
2654928_2014J,0.845
2663195_2014J,0.8475
2681277_2014J,0.95
2686053_2014J,0.87
2686712_2014J,0.97